subjectsID,,1,2,3,4,5,6,7,8,9,10,11,12,13,14,15,16
Group,,Group,Group,Group,Group,Group,Group,Group,Group,Group,Group,Group,Group,Group,Group,Group,Group
Date_Time_1,exp_days,,,,,,,,,,,,,,,,
2021-11-07 11:03:00,2021-11-07 03:03:00,1.077263,1.318018,1.239715,1.421765,1.245719,1.274827,1.262168,1.26008,1.268311,1.33388,1.307999,1.441647,1.254862,1.454785,1.491256,1.305867
2021-11-07 11:23:00,2021-11-07 03:23:00,1.011493,1.356784,1.375243,1.433921,1.122454,1.294716,1.234831,1.246081,1.328744,1.190101,1.342392,1.466416,1.268131,1.430526,1.473282,1.201188
2021-11-07 11:43:00,2021-11-07 03:43:00,0.8866631,1.109932,1.038697,1.315335,1.298771,1.401842,1.17941,1.108049,1.182461,1.083123,1.324894,1.131526,1.336632,1.345247,1.217039,0.9737473
2021-11-07 12:03:00,2021-11-07 04:03:00,0.8471279,1.055662,0.9631538,1.057221,1.01537,1.465988,1.010167,1.041353,1.24133,1.237511,1.388969,1.015377,1.052752,1.012775,1.031801,0.9136494
2021-11-07 12:23:00,2021-11-07 04:23:00,0.826462,0.9818746,1.07738,1.001447,1.010671,1.172674,0.98557,0.9782897,0.9192194,1.102457,1.21719,1.356695,1.007024,1.275994,1.302683,0.9297897
2021-11-07 12:43:00,2021-11-07 04:43:00,1.181563,1.028965,1.363464,1.363033,1.009866,1.086969,1.161352,0.9968029,0.975596,1.152532,0.9080606,1.269622,1.099621,0.9068905,1.023052,1.255901
2021-11-07 13:03:00,2021-11-07 05:03:00,1.262856,1.112356,1.475185,1.519743,1.209616,1.08691,1.004404,0.982565,1.023783,1.092229,0.997061,1.284877,1.127771,1.352734,1.389987,1.007514
2021-11-07 13:23:00,2021-11-07 05:23:00,1.097603,1.387746,1.01834,1.371947,1.103075,1.06935,0.9334334,1.368103,1.292833,1.255365,1.368962,1.411497,1.033112,1.171216,1.381586,0.9523211
2021-11-07 13:43:00,2021-11-07 05:43:00,0.9137099,1.268486,1.008947,1.160241,1.000674,1.01684,1.021017,1.237265,1.205164,1.570182,1.401628,1.111007,1.410292,1.343818,1.125724,0.9563806
2021-11-07 14:03:00,2021-11-07 06:03:00,0.9589694,1.1809,1.059515,1.211976,1.029512,1.556311,1.03688,1.119872,1.04371,1.474758,1.004631,1.050942,1.364458,1.629278,1.17793,1.043884
2021-11-07 14:23:00,2021-11-07 06:23:00,1.103504,1.501989,1.419506,1.196421,1.206327,1.58413,1.414627,1.108098,0.9683587,1.290567,1.24447,1.29939,1.041492,1.162483,1.201134,1.292746
2021-11-07 14:43:00,2021-11-07 06:43:00,0.9818929,1.437624,0.9098196,1.210371,0.990914,1.588222,1.401854,1.051397,1.018323,1.074601,1.380673,1.419044,1.130024,1.095875,1.042111,1.187311
2021-11-07 15:03:00,2021-11-07 07:03:00,0.8775587,1.431404,1.059821,1.265873,0.9730937,1.397156,1.092058,1.030749,1.033019,1.236864,1.100247,1.055678,1.200018,1.11277,1.099669,1.040553
2021-11-07 15:23:00,2021-11-07 07:23:00,0.8653539,1.121109,1.31409,1.11931,1.122831,1.127381,0.9764444,1.067326,1.426799,1.152586,0.9381918,1.031542,1.224343,1.402466,1.123006,0.9211351
2021-11-07 15:43:00,2021-11-07 07:43:00,0.8321262,1.092427,1.116452,1.199231,1.366981,1.155551,1.001236,1.01486,0.952483,1.301812,1.037913,1.012654,0.9585595,1.201493,1.557102,0.9584485
2021-11-07 16:03:00,2021-11-07 08:03:00,0.8284509,1.022274,1.097747,1.501189,1.225317,1.124338,0.9941778,1.017181,1.002406,1.084165,1.026599,1.082871,1.01693,1.0861,1.532578,0.9438308
2021-11-07 16:23:00,2021-11-07 08:23:00,0.785062,1.040513,1.148375,1.506125,1.007327,1.085674,0.985611,1.357753,1.428965,1.114408,0.9585177,1.2709,1.030217,1.070151,1.285079,0.9069337
2021-11-07 16:43:00,2021-11-07 08:43:00,0.9117275,1.04092,1.193236,1.087959,1.001229,1.127697,1.368394,1.423245,1.12676,1.120695,1.173678,1.61384,1.048866,1.509314,1.253346,0.8716357
2021-11-07 17:03:00,2021-11-07 09:03:00,1.24661,1.117458,1.169554,1.180735,1.00591,1.272754,1.077175,1.314672,1.028209,1.471591,1.504124,1.199901,1.029752,1.497441,1.121304,0.8398761
2021-11-07 17:23:00,2021-11-07 09:23:00,0.9296677,1.052054,1.129462,1.172262,1.381558,1.622982,0.9775806,1.172879,1.079588,1.417548,1.431025,1.415217,1.127522,1.413044,1.16756,0.8931473
2021-11-07 17:43:00,2021-11-07 09:43:00,0.8813564,1.314267,1.19117,1.18096,1.087941,1.588513,1.011749,1.052878,0.9940241,0.9581304,1.402283,1.27209,1.290794,1.090809,1.168546,1.179998
2021-11-07 18:03:00,2021-11-07 10:03:00,0.8382894,1.308635,1.140449,1.44689,1.05739,1.629172,1.313537,1.093445,1.086955,1.058498,1.337909,1.313748,1.465023,1.162475,1.117052,1.209061
2021-11-07 18:23:00,2021-11-07 10:23:00,1.123047,1.312617,1.658204,1.153117,1.016448,1.630628,1.268216,1.079904,1.383808,1.203011,1.050932,1.12966,1.360451,1.150226,1.438176,0.9851436
2021-11-07 18:43:00,2021-11-07 10:43:00,1.216636,1.236555,1.689415,1.497301,1.424067,1.498578,1.036677,1.148344,1.431875,1.439372,1.077602,1.162662,1.083721,1.470613,1.185242,0.974812
2021-11-07 19:03:00,2021-11-07 11:03:00,0.9154595,1.318789,1.221234,1.550478,1.599285,1.258616,1.049512,1.417454,1.603148,1.70038,1.139731,1.547352,1.089533,1.406781,1.447975,1.112133
2021-11-07 19:23:00,2021-11-07 11:23:00,1.144004,1.671388,1.408021,1.618705,1.710042,1.271976,1.451134,1.801763,1.780636,1.424737,1.764229,1.97007,1.504973,1.480587,1.307959,1.278491
2021-11-07 19:43:00,2021-11-07 11:43:00,1.74672,1.980323,2.005873,2.220554,2.015511,1.312679,1.679061,1.977167,2.014369,2.000144,1.836642,2.06757,1.8208,2.178545,1.562282,1.747509
2021-11-07 20:03:00,2021-11-07 12:03:00,1.645905,2.145967,1.91794,2.396426,1.830828,1.402044,1.798366,1.910128,1.83111,1.988886,1.667672,2.126309,1.873688,2.254753,1.653914,1.747059
2021-11-07 20:23:00,2021-11-07 12:23:00,1.638463,1.923685,1.898668,2.204692,1.81734,1.590535,1.658499,1.748646,1.72048,1.901303,1.760268,2.030427,2.045519,2.07794,1.744765,1.799532
2021-11-07 20:43:00,2021-11-07 12:43:00,1.488997,2.399315,1.958607,2.301243,1.835487,1.880372,1.798305,1.862159,1.606265,1.856474,1.670769,2.011367,2.037971,2.031651,1.71831,1.755962
2021-11-07 21:03:00,2021-11-07 13:03:00,1.492098,2.162187,2.036179,2.175653,1.813668,1.937297,1.746403,2.047651,1.790875,1.773466,1.647776,2.202475,1.779451,1.956092,1.796261,1.725775
2021-11-07 21:23:00,2021-11-07 13:23:00,1.607874,1.607557,1.935847,2.206234,1.631254,1.825378,1.773093,1.937137,1.855763,1.883138,1.610853,2.030017,1.88528,1.65228,2.064212,1.568368
2021-11-07 21:43:00,2021-11-07 13:43:00,1.6784,2.03088,1.923665,2.298158,1.754472,1.855518,1.722321,1.935007,1.595165,1.701311,1.465587,2.06002,1.713812,1.304379,2.105569,1.662945
2021-11-07 22:03:00,2021-11-07 14:03:00,1.648219,2.406186,1.917861,1.818729,1.637326,1.583651,1.417587,1.982868,1.400019,1.695856,1.611739,1.953854,1.303401,1.500828,1.949083,1.500459
2021-11-07 22:23:00,2021-11-07 14:23:00,1.559559,2.033428,1.867837,2.060853,1.779512,1.644953,1.567428,1.889647,1.593193,1.765439,1.808619,2.167228,1.164633,1.94881,2.066548,1.419748
2021-11-07 22:43:00,2021-11-07 14:43:00,1.527517,1.886849,1.884517,2.057976,1.732462,1.876448,1.45057,2.059758,1.701141,1.442119,1.424639,2.093394,1.468052,2.137586,2.247035,1.224799
2021-11-07 23:03:00,2021-11-07 15:03:00,1.763294,2.399758,1.882218,2.299035,1.68979,1.684258,1.435105,1.68629,1.564706,1.248725,1.695309,1.999389,1.497651,2.063898,2.160186,1.053205
2021-11-07 23:23:00,2021-11-07 15:23:00,1.696452,2.036985,1.882901,1.869241,1.758456,1.848033,1.360618,1.803331,1.449979,1.706302,1.521017,2.014832,1.710474,2.146926,2.194444,0.9923134
2021-11-07 23:43:00,2021-11-07 15:43:00,1.379329,1.8967,1.902937,1.89456,1.509313,1.818673,1.340837,1.893444,1.567414,1.371912,1.131583,1.842043,1.648996,1.86097,1.580356,0.9867449
2021-11-08 00:03:00,2021-11-07 16:03:00,1.383677,2.044531,1.747109,2.393269,1.725475,1.548301,1.478825,1.982123,1.61704,1.243356,1.146696,1.950202,1.682467,2.307884,1.682359,1.057858
2021-11-08 00:23:00,2021-11-07 16:23:00,1.710923,1.709464,1.831319,1.809956,1.736884,1.293634,1.627589,2.020148,1.648666,1.272999,1.39876,2.151677,1.877751,2.126194,1.714967,1.089844
2021-11-08 00:43:00,2021-11-07 16:43:00,1.693011,1.762411,1.919544,1.715364,1.685935,1.414444,1.625363,1.783921,1.733294,1.471356,1.19973,2.026418,1.628258,2.185506,1.593628,1.613078
2021-11-08 01:03:00,2021-11-07 17:03:00,1.631987,1.654691,1.836282,2.223118,1.632704,1.645251,1.539725,1.593876,1.305734,1.958959,1.170857,1.883111,1.475495,2.087449,1.298289,1.805985
2021-11-08 01:23:00,2021-11-07 17:23:00,1.506585,1.487885,1.949221,2.334541,1.940772,1.991003,1.497344,1.300423,1.428013,1.839206,1.13186,2.023611,1.355523,2.142872,1.40028,1.516658
2021-11-08 01:43:00,2021-11-07 17:43:00,1.777089,1.594791,1.899229,1.869549,1.562525,1.773322,1.654355,1.299632,1.356023,1.940078,1.298784,1.897927,1.341106,1.918487,1.567093,1.711511
2021-11-08 02:03:00,2021-11-07 18:03:00,1.46692,1.613599,1.81487,1.912397,1.517112,1.651444,1.442794,1.720334,1.359707,1.635707,1.732879,1.962904,1.314696,1.80968,1.460076,1.537044
2021-11-08 02:23:00,2021-11-07 18:23:00,1.805405,1.819091,1.933741,1.741056,1.537653,1.802683,1.373558,2.101842,1.30517,1.722168,1.81623,1.961344,1.313839,2.410611,1.863963,1.621416
2021-11-08 02:43:00,2021-11-07 18:43:00,1.536753,2.265101,1.85332,1.649294,1.58696,1.651152,1.337015,1.796023,1.099773,1.946277,1.600288,2.05674,1.419338,1.927022,1.770564,1.863462
2021-11-08 03:03:00,2021-11-07 19:03:00,1.524627,2.05165,1.797953,1.368268,1.407628,1.606553,1.1761,1.834472,1.014325,1.686672,1.682161,1.665946,1.747513,1.769091,1.992237,1.520779
2021-11-08 03:23:00,2021-11-07 19:23:00,1.569587,1.797989,1.733579,1.422038,1.248087,1.638608,1.206612,1.754414,1.062416,1.518588,1.498716,1.828472,1.731365,1.57535,1.673546,1.451785
2021-11-08 03:43:00,2021-11-07 19:43:00,1.156232,1.840248,1.698981,1.382619,1.240206,1.397459,0.8859779,1.68875,1.052616,1.405089,1.487783,1.777288,1.985165,1.424911,1.698507,1.487705
2021-11-08 04:03:00,2021-11-07 20:03:00,1.073382,1.805231,1.631019,1.299646,1.128292,1.536413,1.144015,1.643447,0.9708932,1.357042,1.669844,1.697782,1.555287,1.446525,1.834726,1.266327
2021-11-08 04:23:00,2021-11-07 20:23:00,1.257676,1.794294,1.776355,1.278817,1.067756,1.389521,1.045204,1.627391,0.8602746,1.319955,1.393965,1.944698,1.443471,1.372218,1.684455,1.441409
2021-11-08 04:43:00,2021-11-07 20:43:00,1.03195,1.596474,1.521287,1.448357,1.411654,1.369505,0.9861932,1.513692,0.9591832,1.220551,1.138307,1.450132,1.337829,1.357786,1.663049,1.341501
2021-11-08 05:03:00,2021-11-07 21:03:00,1.297038,1.49184,1.476964,1.763848,1.692906,1.321885,0.9952412,1.507972,1.243138,1.231083,1.103606,1.423426,1.293194,1.887377,1.413855,1.19036
2021-11-08 05:23:00,2021-11-07 21:23:00,1.692993,1.492874,1.319171,1.6661,1.585609,1.27841,0.9166659,1.502069,1.532511,1.177211,0.9997712,1.297776,1.335121,1.79914,1.334921,1.054409
2021-11-08 05:43:00,2021-11-07 21:43:00,1.597888,1.490441,1.261197,1.518101,1.384958,1.23928,1.102172,1.442145,1.209169,1.173917,1.003961,1.288976,1.296101,1.456168,1.30182,0.977164
2021-11-08 06:03:00,2021-11-07 22:03:00,1.316405,1.265083,1.254393,1.348774,1.318157,1.263103,1.164144,1.30473,1.201423,1.174872,1.189893,1.236912,1.274332,1.341301,1.381725,0.9747185
2021-11-08 06:23:00,2021-11-07 22:23:00,1.447587,1.145091,1.266643,1.319937,1.173147,1.15055,0.8410121,1.147518,0.9262909,1.148746,1.382092,1.244257,1.196456,1.329938,1.328866,0.9704646
2021-11-08 06:43:00,2021-11-07 22:43:00,1.476113,1.236856,1.336866,1.301034,1.011513,1.150556,0.8645529,1.048578,0.9432009,1.591771,1.393121,1.281269,1.186134,1.288825,1.223257,0.9782054
2021-11-08 07:03:00,2021-11-07 23:03:00,1.30118,1.268971,1.449155,1.212514,0.9441376,1.106032,0.8120497,1.077239,0.8760395,1.677521,1.637274,1.277428,1.368256,1.283842,1.281457,1.078231
2021-11-08 07:23:00,2021-11-07 23:23:00,1.353826,1.152382,1.704498,1.166808,0.9066685,1.09534,0.8251398,1.044431,0.9500352,1.480114,1.49699,1.183305,1.73077,1.290393,1.18903,1.381352
2021-11-08 07:43:00,2021-11-07 23:43:00,1.212689,1.134246,1.441511,1.208406,0.83591,1.351744,0.9336509,1.031494,0.9057012,1.17384,1.219248,1.135343,1.555383,1.268753,1.230785,1.187753
2021-11-08 08:03:00,2021-11-08 00:03:00,1.114809,1.112661,1.257895,1.454198,0.8674963,1.554631,0.8953714,1.095324,0.8412378,1.175724,1.405323,1.260416,1.286936,1.191191,1.082989,1.174922
2021-11-08 08:23:00,2021-11-08 00:23:00,0.9530882,0.9990422,1.167709,1.64862,0.8370449,1.550148,0.8547336,1.036243,0.8929805,1.17776,1.387715,1.505736,1.247579,1.385153,1.062905,0.9937976
2021-11-08 08:43:00,2021-11-08 00:43:00,0.9983233,0.9833135,1.129657,1.424558,0.8562842,1.552556,0.9260573,0.9582241,0.7671074,1.133795,1.107467,1.414932,1.359489,1.796699,1.332552,0.9374761
2021-11-08 09:03:00,2021-11-08 01:03:00,0.9381919,0.9474044,1.099722,1.305275,0.80527,1.413081,1.250299,1.248664,0.8007463,1.256678,1.077634,1.307601,1.179648,1.730993,0.9843069,0.8789649
2021-11-08 09:23:00,2021-11-08 01:23:00,0.9941736,1.178482,1.146512,1.21208,0.7902151,1.186293,1.059459,1.140824,0.915842,1.447397,1.029046,1.139387,1.160552,1.72386,1.051686,0.8896191
2021-11-08 09:43:00,2021-11-08 01:43:00,1.02395,1.349278,1.395596,1.112314,0.7758076,1.034959,0.8297366,1.071319,1.020415,1.192785,0.9711488,1.042418,0.7944068,1.367875,1.00827,1.23412
2021-11-08 10:03:00,2021-11-08 02:03:00,0.9556796,1.09416,1.218369,1.097498,0.8063343,0.9108758,0.6768296,1.012411,1.06267,1.207863,1.025516,0.9833962,1.170777,1.26916,1.093479,0.973281
2021-11-08 10:23:00,2021-11-08 02:23:00,0.9993966,0.9942323,1.042786,1.320383,1.079631,0.9136167,0.6361934,1.017172,1.034171,1.188599,0.972348,0.946992,1.204919,1.221707,1.0822,0.8901139
2021-11-08 10:43:00,2021-11-08 02:43:00,0.9768425,0.9513154,0.9006694,1.29297,1.109016,0.9290245,0.6449662,0.9825529,0.8171532,1.226575,0.9337543,1.000811,1.097421,1.316741,0.9870771,0.801832
2021-11-08 11:03:00,2021-11-08 03:03:00,1.09796,0.8997303,0.886951,1.005888,0.9200802,0.8450198,0.7603663,0.926802,0.6370668,1.184595,0.9169599,1.191024,0.9869121,1.500889,0.9151479,0.7551287
2021-11-08 11:23:00,2021-11-08 03:23:00,1.227287,0.8419146,0.9145057,0.9414142,0.7692335,0.8009724,0.6463674,0.9083125,0.6938993,1.212806,0.886718,1.245706,0.9030675,1.584953,0.8899254,0.7504743
2021-11-08 11:43:00,2021-11-08 03:43:00,1.033559,0.7824349,0.770668,0.9075957,0.7145182,0.7833521,0.6661138,1.181752,0.6805443,1.055055,0.8316312,1.53052,0.9064151,1.23419,0.8542493,0.748881
2021-11-08 12:03:00,2021-11-08 04:03:00,0.822936,0.8007595,0.7712699,0.8926688,0.7129231,0.8052625,0.6230423,1.271775,0.6854121,1.20968,1.066001,1.278754,0.9456382,1.049045,0.8218668,0.7562556
2021-11-08 12:23:00,2021-11-08 04:23:00,0.914428,0.8361991,0.7738174,0.8568968,0.7361869,1.092562,0.6355073,1.025408,0.6525221,1.074155,1.05397,1.238321,0.8755333,1.036283,0.8589201,0.7596654
2021-11-08 12:43:00,2021-11-08 04:43:00,0.8619991,0.7616829,0.758166,0.9026924,0.6958811,1.307264,0.697302,1.09527,0.6110516,1.122482,0.9996763,1.056109,0.8056998,0.9299837,0.7933993,0.7207415
2021-11-08 13:03:00,2021-11-08 05:03:00,0.9514941,0.773066,0.7917026,0.9069065,0.7522517,0.929531,0.646606,0.918622,0.8236488,1.096228,0.8661734,0.9793768,0.8321678,0.9440466,0.9523044,0.8250311
2021-11-08 13:23:00,2021-11-08 05:23:00,0.9166713,0.7887809,1.022165,0.8585845,0.6766382,0.7591131,0.917139,0.9090105,0.6492475,1.019973,0.8156982,0.9151575,0.8125461,0.8858988,1.103352,0.7844343
2021-11-08 13:43:00,2021-11-08 05:43:00,0.8435677,0.7113695,0.7972853,0.7623155,0.6724603,0.7461241,0.8307107,0.8132244,0.7172775,1.173086,0.9142883,0.9577882,0.9169815,1.060478,1.119734,0.8001368
2021-11-08 14:03:00,2021-11-08 06:03:00,0.8725622,0.7694421,0.7426927,0.8010798,0.6755463,0.7076542,0.7746242,0.8502901,0.6788998,1.195593,0.8004045,0.8615664,0.8572511,0.8684726,0.9373624,0.6635587
2021-11-08 14:23:00,2021-11-08 06:23:00,1.034421,0.7551496,0.7434397,0.7703736,0.6715648,0.7541503,0.6133454,0.8185401,0.6493384,0.932768,0.8384634,0.8713936,0.987378,0.8815317,0.7446716,0.65922
2021-11-08 14:43:00,2021-11-08 06:43:00,1.00371,0.9105527,0.7462476,0.7526607,0.6541067,0.7211773,0.5635459,0.7684592,0.554863,0.8450124,0.7561005,0.7967778,0.7278942,0.792254,0.6871954,0.6416621
2021-11-08 15:03:00,2021-11-08 07:03:00,0.9983742,1.113231,0.7264987,0.98276,0.6730502,0.7138739,0.5750487,0.8025398,0.6009325,0.814405,0.7375424,0.7725788,0.6833017,0.7988731,0.960016,0.6714162
2021-11-08 15:23:00,2021-11-08 07:23:00,0.9820054,0.9396994,0.7003373,1.305415,0.6788627,0.6988792,0.5493433,0.7172663,0.5873404,0.7593088,0.7548703,0.7791585,0.7161018,0.751465,0.6937522,0.7040691
2021-11-08 15:43:00,2021-11-08 07:43:00,0.9554581,0.8923683,0.7222143,1.172062,0.6372197,0.7225846,0.5805212,0.7398951,0.5350087,0.7242038,0.7232389,0.8310171,0.669145,0.7717605,0.6955103,1.032219
2021-11-08 16:03:00,2021-11-08 08:03:00,0.9062641,0.7141992,0.690887,1.016149,0.8653814,0.7384836,0.6114674,0.7602451,0.5982229,0.7217647,0.6981536,1.325409,0.6906503,0.7760846,0.7384034,1.177888
2021-11-08 16:23:00,2021-11-08 08:23:00,0.9538589,0.7293513,0.6948382,0.9001688,1.124972,0.7321313,0.5931222,0.7383969,0.7768025,0.9791957,0.7223198,1.496353,0.7452329,0.7559611,0.666093,1.253845
2021-11-08 16:43:00,2021-11-08 08:43:00,0.9288,0.6964554,0.639082,0.8197219,1.157152,0.9431973,0.5597713,1.056016,0.924146,1.08761,0.7457166,1.205935,0.6833326,0.9278834,0.7285592,1.22748
2021-11-08 17:03:00,2021-11-08 09:03:00,0.9291382,0.6756597,0.652378,0.807481,1.153611,1.116352,0.5545163,1.122481,0.7327756,0.6380203,0.9083378,1.489287,0.6864371,1.247124,0.7191128,1.192938
2021-11-08 17:23:00,2021-11-08 09:23:00,0.842265,0.6928291,1.060902,0.9228172,1.061199,1.20193,0.6939622,1.026787,0.5208046,0.6500474,0.8704363,1.071026,0.7120402,1.329822,0.6927342,0.9995069
2021-11-08 17:43:00,2021-11-08 09:43:00,1.012586,0.6723913,1.18253,1.315564,1.327525,0.8551742,0.7602686,0.9134558,0.6143069,0.6985257,0.7262152,0.9521425,0.7187974,1.123052,0.762808,0.6436325
2021-11-08 18:03:00,2021-11-08 10:03:00,1.23364,0.7305961,1.114195,1.322512,1.38452,0.6643931,0.5509108,0.7784906,0.6032331,0.8079408,0.7395549,0.7920288,0.8567798,0.9158041,0.9049268,0.6456695
2021-11-08 18:23:00,2021-11-08 10:23:00,1.106921,0.8332183,0.9496188,1.545032,1.173875,0.7145305,0.6205088,0.77061,0.6671414,1.027109,0.7215293,0.8106062,1.098477,0.8392459,1.017853,0.6339949
2021-11-08 18:43:00,2021-11-08 10:43:00,0.8843047,0.7226771,0.604349,1.469938,0.7918646,0.8580013,0.9381035,0.7877177,0.9799085,1.05846,0.7980423,0.8261665,0.8289183,1.175655,0.8135252,0.8366925
2021-11-08 19:03:00,2021-11-08 11:03:00,1.001682,0.8005555,0.6465191,1.284041,0.7556891,1.154731,1.048713,1.201233,0.9028563,1.35083,1.079599,0.8958927,0.9833742,1.210344,0.776086,1.224734
2021-11-08 19:23:00,2021-11-08 11:23:00,1.387608,1.171259,1.320125,1.487997,1.168043,1.219778,1.160101,1.409709,1.212019,1.331351,1.243882,1.528625,1.07619,1.58263,1.075524,1.257165
2021-11-08 19:43:00,2021-11-08 11:43:00,1.680269,1.550503,1.433456,1.654872,1.339877,1.119262,1.182816,1.450125,1.24069,1.378547,1.300843,1.493659,1.481178,1.623346,1.323505,1.305598
2021-11-08 20:03:00,2021-11-08 12:03:00,1.705052,1.496362,1.36471,1.572246,1.2589,1.285663,1.267375,1.368799,1.27804,1.408531,1.13208,1.418329,1.388165,1.533552,1.391385,1.269329
2021-11-08 20:23:00,2021-11-08 12:23:00,1.69047,1.414902,1.348938,1.558882,1.275025,1.291877,1.157831,1.412412,1.303575,1.374876,1.172796,1.166996,1.398794,1.60257,1.483461,1.325425
2021-11-08 20:43:00,2021-11-08 12:43:00,1.705751,1.461359,1.350214,1.561034,1.415959,1.247935,1.19461,1.341286,1.15389,1.353187,1.059878,1.429797,1.322891,1.551759,1.432118,1.254033
2021-11-08 21:03:00,2021-11-08 13:03:00,1.619828,1.335602,1.388256,1.54596,1.37745,1.229583,1.122943,1.431283,1.215038,1.395517,1.082644,1.522668,1.32714,1.643075,1.454272,1.351101
2021-11-08 21:23:00,2021-11-08 13:23:00,1.476386,1.436919,1.293321,1.53543,1.367256,1.19631,1.194427,1.299211,1.127814,1.363127,1.108679,1.506009,1.359882,1.466188,1.439629,1.279663
2021-11-08 21:43:00,2021-11-08 13:43:00,1.632329,1.462438,1.407111,1.579895,1.294521,1.122899,1.185626,1.471829,1.026388,1.289887,1.14792,1.409897,1.314754,1.519357,1.442148,1.3099
2021-11-08 22:03:00,2021-11-08 14:03:00,1.482407,1.417302,1.343319,1.529839,1.323983,1.201383,1.18134,1.335935,1.111856,1.366538,1.00862,1.464886,1.317778,1.395615,1.433338,1.341086
2021-11-08 22:23:00,2021-11-08 14:23:00,1.717953,1.4168,1.348954,1.551378,1.448018,1.085819,1.131321,1.366779,0.8626481,1.348337,1.02696,1.467747,1.315982,1.449854,1.41239,1.321317
2021-11-08 22:43:00,2021-11-08 14:43:00,1.630315,1.467034,1.323938,1.544909,1.393283,0.7935586,1.051085,1.294457,1.039302,1.256117,0.9976326,1.351177,1.369349,1.525114,1.308096,1.2118
2021-11-08 23:03:00,2021-11-08 15:03:00,1.310662,1.358368,1.283605,1.396171,1.22612,0.4152899,1.137178,1.042059,0.959189,1.357633,0.6688538,1.344015,1.207055,1.566911,1.471489,1.339375
2021-11-08 23:23:00,2021-11-08 15:23:00,1.286772,1.210215,1.227964,1.472991,1.169872,0.1795323,0.9291511,1.286525,0.3622127,1.138041,0.5818738,1.212677,1.155005,1.345439,1.348265,1.09645
2021-11-08 23:43:00,2021-11-08 15:43:00,1.387305,1.350644,1.266147,1.497215,1.263649,0.2438932,1.096651,1.367175,0.2915308,1.2354,0.685673,1.260695,1.327982,1.319507,1.301898,1.096032
2021-11-09 00:03:00,2021-11-08 16:03:00,1.671343,1.459072,1.309347,1.554827,1.221636,0.214008,0.9782578,1.402862,0.2377158,1.136163,0.6815814,1.319459,1.314055,1.605106,1.120184,1.33794
2021-11-09 00:23:00,2021-11-08 16:23:00,1.434204,1.3256,1.308354,1.095956,1.320704,0.2188549,0.9410486,1.21794,0.1792769,1.033126,0.626017,1.228677,1.237813,1.428464,1.442216,1.160184
2021-11-09 00:43:00,2021-11-08 16:43:00,1.658092,1.322292,1.308454,1.151849,1.191552,0.1750935,0.753342,1.365983,0.1564837,1.218846,0.8092571,1.090134,1.308066,1.513225,1.4421,0.9238966
2021-11-09 01:03:00,2021-11-08 17:03:00,1.491781,1.096488,1.235374,1.369124,1.348129,0.1850621,0.3799446,1.12041,0.1434368,0.9729219,0.6296051,0.7827184,1.354069,1.463791,1.390326,0.9640014
2021-11-09 01:23:00,2021-11-08 17:23:00,1.532289,0.9086447,1.210853,1.356646,1.171107,0.1689416,0.2097494,1.227618,0.1732713,1.176879,0.6561959,0.6253129,0.9809619,1.419086,1.031133,0.7935148
2021-11-09 01:43:00,2021-11-08 17:43:00,1.451594,0.8920957,1.241993,1.497341,0.9259842,0.1786044,0.1694383,1.05653,0.4582946,1.218082,0.668003,0.6893003,1.21063,1.384879,1.120979,0.599088
2021-11-09 02:03:00,2021-11-08 18:03:00,1.308351,1.043922,1.23625,1.551582,0.530109,0.2054442,0.1401824,0.6937082,0.3570161,1.201994,0.7166343,0.641756,1.311491,1.445967,0.6829059,0.4598313
2021-11-09 02:23:00,2021-11-08 18:23:00,1.400256,0.7502316,1.085664,1.491478,0.3557949,0.2728615,0.2096482,0.4935978,0.4859866,1.249928,1.14384,0.6852645,1.279693,1.472622,0.4056523,0.4957482
2021-11-09 02:43:00,2021-11-08 18:43:00,1.158167,0.4521456,1.087747,1.495938,0.3035244,0.2932834,0.3220525,0.5928404,1.287537,0.9900737,1.03468,1.097687,1.18852,1.467078,0.3953789,0.5447974
2021-11-09 03:03:00,2021-11-08 19:03:00,1.119717,0.3801042,1.043947,1.331161,0.2157393,0.29704,0.1697651,0.5818393,1.145755,0.6094195,0.8483986,1.339598,1.35909,1.322876,0.3613444,0.4676331
2021-11-09 03:23:00,2021-11-08 19:23:00,1.108777,0.3044327,0.8919176,1.200256,0.1784139,0.7416681,0.1493454,0.5845418,1.081966,0.4790122,0.5591585,1.325291,1.234614,1.471298,0.2688983,0.4960473
2021-11-09 03:43:00,2021-11-08 19:43:00,0.9906873,0.2689446,0.455896,1.61695,0.1913171,1.255361,0.2709843,0.6074675,0.6540409,0.5785384,0.5727167,1.17738,1.311368,1.360449,0.2658786,0.5327733
2021-11-09 04:03:00,2021-11-08 20:03:00,0.7738163,0.2031661,0.2795135,1.243858,0.1656114,1.305792,1.110461,0.7293007,0.4183868,0.6250048,0.6247076,1.011188,1.173835,1.463177,0.2740345,0.7220355
2021-11-09 04:23:00,2021-11-08 20:23:00,0.7746198,0.1612053,0.2378047,0.6400586,0.1229321,1.126723,1.252835,1.242278,0.3269991,0.6989792,0.6126777,0.5959443,1.230985,1.312655,0.2409929,0.517986
2021-11-09 04:43:00,2021-11-08 20:43:00,0.8166201,0.1548024,0.2543372,0.3399067,0.1233686,1.16089,1.178334,1.26355,0.2758532,0.9988893,0.6398723,0.5553126,1.212979,1.052089,0.2110659,0.5331867
2021-11-09 05:03:00,2021-11-08 21:03:00,0.7419772,0.1567939,0.2642475,0.258423,0.1490038,0.900841,1.182349,1.182065,0.2586021,1.349945,0.6275311,0.6220424,1.187411,1.260731,0.2430566,0.51921
2021-11-09 05:23:00,2021-11-08 21:23:00,0.880814,0.1965072,0.4908257,0.2461337,0.2168678,0.4257099,1.069989,1.230222,0.2297268,1.147443,0.7092974,0.6171071,1.260688,0.5809736,0.3719797,0.5400256
2021-11-09 05:43:00,2021-11-08 21:43:00,0.7948485,0.313684,0.7152871,0.2081537,0.247377,0.4162527,0.7933542,1.162821,0.3394361,0.8979167,0.6468273,0.6118155,0.757925,0.3870916,0.7232968,0.5469434
2021-11-09 06:03:00,2021-11-08 22:03:00,0.8278034,0.3369408,0.6983553,0.2045325,0.4391361,0.5661904,0.486455,0.705157,0.3176603,0.4430212,0.5702109,0.5792816,0.4198994,0.2726471,0.8958927,0.8569487
2021-11-09 06:23:00,2021-11-08 22:23:00,0.8774015,0.9409695,1.103315,0.2537742,0.9892656,0.7385119,0.3806288,0.3579176,0.2220742,0.3015015,0.9769812,0.7294062,0.2244866,0.1946492,0.6584893,1.353367
2021-11-09 06:43:00,2021-11-08 22:43:00,0.7546813,1.433296,1.215533,0.5510119,1.34051,0.6978381,0.294929,0.2672193,0.1789645,0.2303517,0.7681436,1.367508,0.2280779,0.1631609,0.7185072,1.301485
2021-11-09 07:03:00,2021-11-08 23:03:00,0.7355338,1.302984,0.5922813,0.9378682,1.165346,1.338864,0.3196197,0.6032877,0.598023,0.3065521,0.4931738,1.293085,0.2927367,0.1739104,0.6048326,0.9531277
2021-11-09 07:23:00,2021-11-08 23:23:00,0.8980623,1.105514,0.7549512,1.427351,1.243011,1.268867,0.6651865,0.9504058,1.259931,0.8487467,0.6055775,0.9304435,0.3338285,0.5403873,0.7332394,0.6730049
2021-11-09 07:43:00,2021-11-08 23:43:00,0.9260696,0.8722941,1.132735,0.8826221,0.8539184,1.07705,1.249268,0.8716403,0.5473079,1.260699,0.8805376,0.8278343,0.5662204,1.382577,1.035437,0.4337783
2021-11-09 08:03:00,2021-11-09 00:03:00,0.9644665,0.8945469,1.035705,0.9608863,0.8545637,1.039602,0.9242703,0.9465206,0.8965104,1.061523,0.9671474,0.9298545,1.11216,1.161749,0.9904835,0.8611823
2021-11-09 08:23:00,2021-11-09 00:23:00,0.926302,1.16349,1.32257,1.555876,1.18163,1.24568,1.230427,1.270368,1.340812,1.396821,1.29635,1.371582,1.376173,1.195885,1.472098,1.271875
2021-11-09 08:43:00,2021-11-09 00:43:00,0.8353837,1.128608,1.387155,1.54237,1.122262,1.220366,1.239403,1.429437,1.30924,1.244359,1.365126,1.409672,1.384462,1.554835,1.430795,1.22757
2021-11-09 09:03:00,2021-11-09 01:03:00,0.9029879,1.387301,1.392124,1.512776,0.9077524,1.441505,1.23101,1.059163,1.359297,1.092651,1.279932,1.425941,1.417858,1.168288,1.338182,1.03236
2021-11-09 09:23:00,2021-11-09 01:23:00,1.248829,1.420708,1.32724,1.117111,0.9128567,1.361521,1.256867,0.963515,1.182157,0.9601268,1.338923,1.372485,1.352538,1.136178,1.061129,1.054193
2021-11-09 09:43:00,2021-11-09 01:43:00,1.226409,1.479602,1.120637,1.064916,1.132825,1.461085,1.148778,0.9276902,0.9738774,0.9977674,1.323289,1.188973,1.494603,1.305493,1.370468,0.9415523
2021-11-09 10:03:00,2021-11-09 02:03:00,1.218333,1.404941,0.9502271,1.061893,1.413127,1.547315,0.9925665,1.369727,0.9785374,1.362959,1.293509,1.116602,1.396286,1.615749,1.282953,0.9284421
2021-11-09 10:23:00,2021-11-09 02:23:00,1.088076,1.119958,1.006047,1.315253,1.267438,1.466752,0.9091624,1.420722,0.9907885,1.389848,1.127161,1.116988,1.424956,1.377948,1.103576,0.8935493
2021-11-09 10:43:00,2021-11-09 02:43:00,0.8288258,1.064715,1.06321,1.479005,1.018847,1.379312,1.153993,1.245812,1.423563,1.299621,0.9638461,1.243057,1.108983,1.106479,1.290366,0.9510424
2021-11-09 11:03:00,2021-11-09 03:03:00,0.7928587,1.019112,1.077692,1.267874,1.051976,1.45661,1.485717,1.249727,0.9566249,1.031692,0.9236515,1.398764,1.124118,1.106475,1.404768,1.075255
2021-11-09 11:23:00,2021-11-09 03:23:00,0.8742618,1.069385,1.518707,1.191057,1.050668,1.428598,1.123749,1.126921,0.8234488,1.117037,1.024965,1.197509,1.097179,1.346277,1.349771,1.188101
2021-11-09 11:43:00,2021-11-09 03:43:00,0.8873069,1.200746,1.510978,1.143487,1.017399,1.234987,1.020968,1.082149,0.9321848,1.099727,1.330171,1.156198,1.321981,1.711873,1.1219,1.173367
2021-11-09 12:03:00,2021-11-09 04:03:00,1.090527,1.429099,1.536174,1.07019,1.058203,1.109769,0.9153728,1.002987,0.8143739,1.292391,0.9697359,1.290085,1.471157,1.255758,1.00133,0.9600661
2021-11-09 12:23:00,2021-11-09 04:23:00,0.9438967,1.482766,1.44862,1.209381,1.398944,1.20699,0.9460869,1.04877,1.256937,1.450836,1.007099,1.832892,1.525461,1.134403,1.116707,0.9423826
2021-11-09 12:43:00,2021-11-09 04:43:00,0.8632398,1.34698,1.094452,1.642909,1.300802,1.228676,1.090093,1.132093,1.249318,1.183274,1.280798,1.792136,1.256839,1.119524,1.423895,0.9543417
2021-11-09 13:03:00,2021-11-09 05:03:00,0.8048589,1.102348,1.023371,1.456046,1.088877,1.259158,0.9964811,1.029901,0.8751732,1.150185,1.314353,1.436265,1.151443,1.444045,1.483367,0.9380777
2021-11-09 13:23:00,2021-11-09 05:23:00,0.7917728,1.208328,1.024473,1.264994,1.042503,1.12415,0.9511579,1.112868,1.142191,1.193039,0.9700607,1.197407,0.8838637,1.255086,1.310562,0.9106435
2021-11-09 13:43:00,2021-11-09 05:43:00,0.7890137,1.276759,0.9836535,1.129305,1.014411,1.1784,0.9486243,1.504381,1.231335,1.261095,1.331999,1.211005,1.107297,1.173938,1.001545,0.87864
2021-11-09 14:03:00,2021-11-09 06:03:00,1.187191,1.115999,1.140418,1.122077,1.052534,1.140833,0.9588497,1.278725,0.9527869,1.379086,1.136654,1.150628,1.102962,1.13997,1.071221,1.054234
2021-11-09 14:23:00,2021-11-09 06:23:00,1.3387,1.19794,1.017808,1.079416,1.040042,1.372437,0.9797042,1.057187,0.9228863,1.081143,1.025992,1.106268,1.582653,1.573234,1.089747,1.239851
2021-11-09 14:43:00,2021-11-09 06:43:00,1.007524,1.388235,1.235946,1.354486,1.069378,1.708916,1.403066,1.090265,0.9139613,1.041844,1.001943,1.09455,1.524984,1.766306,1.509075,1.107712
2021-11-09 15:03:00,2021-11-09 07:03:00,0.8174331,1.051648,1.109884,1.120072,1.38659,1.643278,1.428433,1.048449,0.9803411,1.210833,1.087982,1.4669,1.344133,1.296127,1.169884,0.9538116
2021-11-09 15:23:00,2021-11-09 07:23:00,0.8052543,1.019183,1.066565,1.383573,1.247025,1.495381,1.021104,1.013593,1.109388,1.170252,1.470074,1.482868,1.188771,1.124636,1.135718,0.9012839
2021-11-09 15:43:00,2021-11-09 07:43:00,0.7711179,1.073938,0.8945543,1.421625,0.9941759,1.164756,0.8524759,0.9385747,1.483386,1.029251,1.168285,1.17963,1.116942,1.29288,1.518675,0.8338733
2021-11-09 16:03:00,2021-11-09 08:03:00,0.6901675,0.9730684,0.9533289,1.012645,0.9734338,1.019558,0.8210751,0.9338,1.216425,1.231791,1.059001,1.257222,1.402829,1.416081,1.614421,0.9991343
2021-11-09 16:23:00,2021-11-09 08:23:00,0.7893218,1.364132,1.570688,1.117829,1.340289,1.154832,0.967944,1.309236,0.9230129,1.299567,1.060831,1.129236,1.467239,1.374866,1.382855,1.067216
2021-11-09 16:43:00,2021-11-09 08:43:00,1.040029,1.054288,1.452023,1.418336,1.405359,1.230471,1.23585,1.23387,0.9253871,1.392218,1.377862,1.258336,1.278021,1.17691,1.186379,1.033153
2021-11-09 17:03:00,2021-11-09 09:03:00,1.07656,1.432836,1.073238,1.578938,1.22555,1.668788,1.156468,0.9564427,0.9363834,1.145428,1.453353,1.625654,1.284788,1.172639,1.153702,0.9153592
2021-11-09 17:23:00,2021-11-09 09:23:00,0.8401952,1.310815,0.9492599,1.431139,1.015902,1.598329,0.9601816,0.9659028,1.292281,1.115802,1.450555,1.875609,1.11478,1.362812,1.125578,0.8543569
2021-11-09 17:43:00,2021-11-09 09:43:00,0.7660432,1.02769,1.00139,1.127323,1.042099,1.737098,0.9884621,1.406341,1.052785,1.115795,1.427942,1.637321,1.158139,1.151116,1.211013,0.9599684
2021-11-09 18:03:00,2021-11-09 10:03:00,0.8126163,1.273634,1.080957,1.201092,1.199997,1.700593,1.323885,1.430492,1.227895,1.141598,1.213058,1.678566,1.322419,1.431913,1.169469,1.229115
2021-11-09 18:23:00,2021-11-09 10:23:00,0.9536706,1.165805,1.39199,1.289671,1.42871,1.766989,1.233798,1.098143,1.449066,1.290147,1.406026,1.287922,1.181949,1.233173,1.603509,1.095408
2021-11-09 18:43:00,2021-11-09 10:43:00,1.208888,1.379728,1.726009,1.753089,1.093032,1.664644,1.008188,1.026686,1.558976,1.486166,1.089243,1.141006,1.1695,1.518616,1.367967,1.109064
2021-11-09 19:03:00,2021-11-09 11:03:00,0.8236461,1.37665,1.755115,1.462318,1.246891,1.265598,1.213387,1.078138,1.256991,1.464905,1.054081,1.188962,1.113104,1.349237,1.147452,1.469866
2021-11-09 19:23:00,2021-11-09 11:23:00,1.211535,1.430639,1.742239,1.553348,1.652057,1.237078,1.548313,1.765996,1.153563,1.476563,1.264444,1.448609,1.540897,1.758176,1.409711,1.625405
2021-11-09 19:43:00,2021-11-09 11:43:00,1.777538,2.038733,1.88838,2.387105,1.835621,1.447275,1.69845,1.786423,1.926825,2.036655,1.957939,2.079199,1.976539,2.277228,1.89542,1.728905
2021-11-09 20:03:00,2021-11-09 12:03:00,1.69173,2.031401,1.977289,2.253071,1.919908,1.229746,1.816975,2.023622,2.00543,1.921787,1.876413,1.924187,2.064187,2.182204,1.890841,1.627721
2021-11-09 20:23:00,2021-11-09 12:23:00,1.53599,2.309516,1.933576,2.491106,1.81883,1.245129,1.824053,1.973076,1.795712,1.789707,1.59921,1.829869,1.979592,2.22624,1.779108,1.690655
2021-11-09 20:43:00,2021-11-09 12:43:00,1.758134,2.125786,1.874233,2.414865,1.853374,1.636306,1.745455,1.906547,1.715278,1.748536,1.649417,1.952093,2.08154,2.335672,1.885162,1.668606
2021-11-09 21:03:00,2021-11-09 13:03:00,1.548593,2.252549,1.849759,2.208293,1.678597,1.928285,1.754216,1.506304,1.881019,1.763922,1.563205,1.8787,1.822563,2.265573,2.210816,1.642124
2021-11-09 21:23:00,2021-11-09 13:23:00,1.530649,2.243024,1.972828,2.362189,1.653541,1.790462,1.685429,1.717696,1.825289,1.82747,1.654628,2.108957,1.894111,2.295537,2.151574,1.690468
2021-11-09 21:43:00,2021-11-09 13:43:00,1.307616,2.268481,1.915343,2.401335,1.938245,1.818161,1.669487,1.950168,1.704299,1.83391,1.651081,1.881134,2.060888,2.133706,1.855778,1.630346
2021-11-09 22:03:00,2021-11-09 14:03:00,1.218272,2.116867,1.853945,2.201839,1.688408,1.945689,1.562681,1.612207,1.656526,1.923257,1.568476,1.934917,1.936821,2.264125,2.200282,1.531611
2021-11-09 22:23:00,2021-11-09 14:23:00,0.920397,1.753808,1.777224,2.203618,1.804817,1.80393,1.556305,1.923627,1.748777,1.690956,1.44141,1.995029,1.699612,2.327923,1.915975,1.43649
2021-11-09 22:43:00,2021-11-09 14:43:00,1.099435,1.769776,1.937301,2.163369,1.647409,1.817533,1.605706,1.673539,1.760888,1.585508,1.555788,1.842155,1.697762,2.243131,1.833201,1.463992
2021-11-09 23:03:00,2021-11-09 15:03:00,1.707824,1.981497,1.83668,1.824272,1.629499,1.637831,1.387069,1.672575,1.37606,1.724298,1.565777,1.737652,1.924819,2.082729,1.808892,1.291513
2021-11-09 23:23:00,2021-11-09 15:23:00,1.597998,2.015837,2.037372,1.992868,1.720236,1.773052,1.636247,1.834537,1.449429,1.684974,1.750424,2.15143,1.741709,2.247436,2.165059,1.349083
2021-11-09 23:43:00,2021-11-09 15:43:00,1.582416,1.815526,1.767794,1.816499,1.71025,1.894609,1.209288,1.737787,1.41804,1.901707,1.553944,1.919179,1.58012,2.042847,1.85997,1.205705
2021-11-10 00:03:00,2021-11-09 16:03:00,1.674082,1.910524,1.862386,1.767778,1.622332,1.780945,1.568999,1.747968,1.639571,1.576123,1.29489,1.794293,1.328398,2.336401,1.850604,1.042458
2021-11-10 00:23:00,2021-11-09 16:23:00,1.577102,1.661834,1.951102,1.683678,1.627319,1.821216,1.838997,2.030463,1.466376,1.437049,1.224461,1.74462,1.274035,2.206635,1.793572,1.007698
2021-11-10 00:43:00,2021-11-09 16:43:00,1.610585,1.66173,1.74721,1.257458,1.794183,1.827972,1.66228,1.8981,1.740878,1.297261,1.292324,2.004894,1.231527,2.051979,1.822425,1.011212
2021-11-10 01:03:00,2021-11-09 17:03:00,1.690991,1.696561,1.998889,1.278523,1.571808,1.808583,1.749096,1.92449,1.381002,1.209183,1.402746,1.851956,1.660354,2.341475,1.891023,1.126673
2021-11-10 01:23:00,2021-11-09 17:23:00,1.557616,1.657412,1.682407,1.36014,1.827202,1.90722,1.725517,1.507902,1.606466,1.281333,1.301189,1.777771,1.658627,2.348786,1.980832,1.177711
2021-11-10 01:43:00,2021-11-09 17:43:00,1.410549,1.642388,1.794376,1.678734,1.671265,1.665893,1.641178,1.689016,1.730249,1.707316,1.307145,1.791569,2.113011,2.273567,2.183538,1.624467
2021-11-10 02:03:00,2021-11-09 18:03:00,1.657543,1.412435,1.734402,2.231691,1.570622,1.562071,1.558849,1.596942,1.589166,1.945886,1.357023,1.783294,1.80794,2.134066,2.115216,1.821812
2021-11-10 02:23:00,2021-11-09 18:23:00,1.419058,1.251102,1.592134,2.220311,1.778338,1.498957,1.632182,1.717796,1.425645,1.809293,1.721962,1.797634,1.944007,2.155623,2.053025,1.722853
2021-11-10 02:43:00,2021-11-09 18:43:00,1.279871,1.196975,1.631377,2.124863,1.426539,1.412371,1.324301,1.613121,1.189625,1.680684,1.752349,1.67613,2.009004,2.078775,1.716204,1.434625
2021-11-10 03:03:00,2021-11-09 19:03:00,1.730008,1.339066,1.541524,2.043541,1.53356,1.449625,1.451428,1.538192,1.233499,1.798206,1.6594,1.709049,1.600402,2.130555,1.759569,1.564933
2021-11-10 03:23:00,2021-11-09 19:23:00,1.686316,1.697388,1.736471,2.055036,1.312178,1.469034,1.637015,1.66915,0.9937764,1.473656,1.417353,1.551622,1.569788,1.612159,1.830301,1.679499
2021-11-10 03:43:00,2021-11-09 19:43:00,1.343457,1.685579,1.48995,2.123228,1.289737,1.274252,1.656882,1.468228,0.9086444,1.719634,1.383914,1.319877,1.499096,1.562838,1.918699,1.562125
2021-11-10 04:03:00,2021-11-09 20:03:00,1.596018,2.200022,1.4603,1.844512,1.209536,1.444403,1.640222,1.503917,0.9389119,1.478284,1.29022,1.157126,1.340263,1.31832,1.812832,1.523892
2021-11-10 04:23:00,2021-11-09 20:23:00,1.372636,2.116633,1.28813,1.723659,1.107986,1.724375,1.25695,1.400162,1.074533,1.463131,1.263573,1.065596,1.269516,1.232405,1.505278,1.392676
2021-11-10 04:43:00,2021-11-09 20:43:00,1.334288,1.939743,1.262594,1.611881,1.203253,1.571019,1.06445,1.209795,1.422062,1.41552,1.256,1.043672,1.272913,1.191919,1.51565,1.352589
2021-11-10 05:03:00,2021-11-09 21:03:00,1.216005,1.560463,1.2594,1.483065,1.149094,1.339969,1.13746,1.165759,1.164025,1.179118,1.207796,1.060953,1.174367,1.484803,1.418609,1.29663
2021-11-10 05:23:00,2021-11-09 21:23:00,1.050954,1.679967,1.321075,1.422737,1.121458,1.324547,0.9683656,1.129321,1.07062,1.034248,1.048172,1.141159,1.167183,1.50876,1.216908,1.188345
2021-11-10 05:43:00,2021-11-09 21:43:00,0.9976687,1.619079,1.227781,1.195145,1.477262,1.353498,0.9111339,1.065656,1.055493,1.058796,0.966077,1.600572,1.153566,1.270555,1.121988,1.053467
2021-11-10 06:03:00,2021-11-09 22:03:00,0.9926457,1.486163,1.22043,1.094552,1.359086,1.234838,0.8910801,1.020033,0.8742313,1.073404,0.9510685,1.266005,1.112428,1.143812,1.080768,1.034786
2021-11-10 06:23:00,2021-11-09 22:23:00,1.079463,1.371807,1.150593,1.177479,1.007082,1.097141,0.8510027,1.164063,0.9400139,1.656336,0.9759799,1.065382,1.256847,1.078312,1.074532,1.005424
2021-11-10 06:43:00,2021-11-09 22:43:00,0.9793524,1.208023,1.087869,1.886063,0.9152981,1.108693,0.8769429,1.729441,0.9076997,1.435728,1.028969,0.9866405,1.16611,1.113594,1.090658,0.9796357
2021-11-10 07:03:00,2021-11-09 23:03:00,0.9900368,1.188825,1.095314,1.563171,0.8716014,1.135888,0.9599194,1.523902,0.8314214,1.542281,1.350346,0.9740185,1.274425,1.388904,1.066532,0.9195744
2021-11-10 07:23:00,2021-11-09 23:23:00,1.071497,1.138988,1.542487,1.664864,0.8619245,1.061002,1.016684,1.458114,0.9099979,1.493539,1.416256,0.9669968,1.620238,1.776907,1.066464,1.09943
2021-11-10 07:43:00,2021-11-09 23:43:00,1.158354,1.080663,1.362576,1.317246,0.8827487,1.050512,1.264382,1.215552,1.265469,1.367384,1.229956,0.925232,1.430128,1.558909,1.045064,1.433998
2021-11-10 08:03:00,2021-11-10 00:03:00,0.8938389,1.096692,1.170249,1.377329,0.8688241,1.414314,0.875406,1.125784,1.136651,0.9748905,1.059997,0.9077956,1.245118,1.357104,1.007859,1.162391
2021-11-10 08:23:00,2021-11-10 00:23:00,0.7838706,1.049114,1.062746,1.224768,0.8487517,1.509196,1.007515,1.118742,1.40685,1.029739,1.016519,1.110263,1.463329,1.211971,0.9405908,0.9673823
2021-11-10 08:43:00,2021-11-10 00:43:00,0.7927701,1.270713,1.012606,1.124124,0.8071836,1.623594,1.370796,1.088859,1.511157,0.882359,0.9919505,1.164986,1.151544,1.107983,0.9708858,0.9691634
2021-11-10 09:03:00,2021-11-10 01:03:00,0.8968549,1.308581,1.215504,1.133367,1.001879,1.61778,1.292499,1.083874,1.236295,0.906793,1.053829,1.278042,1.049955,1.219961,0.9084444,0.8860291
2021-11-10 09:23:00,2021-11-10 01:23:00,0.9447502,1.072537,1.234438,1.280151,1.026183,1.550104,1.165487,1.062975,1.088615,0.8265035,0.9450656,1.162367,0.8452001,1.559337,0.8228143,0.8319048
2021-11-10 09:43:00,2021-11-10 01:43:00,1.128044,1.074432,0.9691908,1.313252,0.8567681,1.713468,1.162636,0.9371088,1.026299,0.9479623,0.942621,1.065308,0.8903822,1.478035,0.8431678,1.012497
2021-11-10 10:03:00,2021-11-10 02:03:00,0.9379135,0.9929344,0.9403756,1.389239,0.7476818,1.459388,1.07357,1.011273,0.8977789,0.9052982,0.873817,0.9205881,0.8126428,1.339774,1.064129,0.9699116
2021-11-10 10:23:00,2021-11-10 02:23:00,0.8211837,0.9047167,0.6925884,1.3013,0.7646368,1.512483,1.030905,1.29257,0.906773,0.8140644,0.8136225,0.810307,0.8442803,1.216881,1.193727,0.8702875
2021-11-10 10:43:00,2021-11-10 02:43:00,0.7319596,0.780577,0.7233155,1.18625,0.6789739,1.29114,1.042614,1.109912,0.8626413,0.7363013,0.7559042,0.7420413,0.7037377,1.07691,0.9760883,0.7335783
2021-11-10 11:03:00,2021-11-10 03:03:00,0.6855749,0.7963639,0.7208441,1.030085,0.7051687,1.352495,0.9914145,1.152447,0.8868386,0.7614986,0.7570728,0.784593,0.7764854,1.001233,0.947483,0.7548081
2021-11-10 11:23:00,2021-11-10 03:23:00,0.6829212,0.7485673,0.6837568,0.9483259,0.6749179,1.261057,0.9618059,1.110743,0.7961621,0.7831485,0.7646723,0.7757642,0.7705622,0.9339198,0.9063476,0.6912489
2021-11-10 11:43:00,2021-11-10 03:43:00,0.7280612,0.7717986,0.9056422,0.9664117,0.828003,1.155023,0.8998349,0.9311408,0.7329614,0.7617652,0.7682187,0.975716,0.8179352,0.8801317,0.8447742,0.7288085
2021-11-10 12:03:00,2021-11-10 04:03:00,0.8303766,0.7780781,1.016319,0.9002326,0.9079289,1.178906,0.9644796,0.8578858,1.038564,0.8164507,0.7432719,1.042808,0.9807555,0.899717,0.8030005,0.6818744
2021-11-10 12:23:00,2021-11-10 04:23:00,0.6775734,0.7978441,0.8608202,0.8908265,0.8866943,1.049622,0.8463802,0.8293847,1.136249,0.9580944,0.9388973,1.086313,1.031444,1.083785,0.8042262,0.6783948
2021-11-10 12:43:00,2021-11-10 04:43:00,0.7199083,0.9327052,0.8381443,0.8756893,0.9178408,0.9824974,0.8175681,0.785031,0.935008,0.8944883,0.7540197,0.8926205,0.880557,1.186106,0.8011079,0.6704391
2021-11-10 13:03:00,2021-11-10 05:03:00,0.7317702,0.9226496,0.7609615,1.02816,0.8376478,0.9789359,0.858139,0.8434476,0.6727594,0.9091991,0.7180383,0.7786486,0.7656543,1.117818,0.7731532,0.6740744
2021-11-10 13:23:00,2021-11-10 05:23:00,0.9564142,0.920673,0.741542,0.8535279,0.6928241,0.9497206,0.7708809,0.8507446,0.6424711,0.6468389,0.7233688,0.7507867,0.7335326,0.933175,0.7642995,0.8581977
2021-11-10 13:43:00,2021-11-10 05:43:00,0.9499665,0.8118237,0.6942177,0.8069438,0.7236773,0.9049405,0.7723973,0.8410662,0.6688738,0.6832632,0.7226573,0.73325,0.7482359,0.8660403,0.771671,0.9549631
2021-11-10 14:03:00,2021-11-10 06:03:00,0.7682753,0.7741381,0.6962376,0.8226696,0.6612761,0.9097494,0.7573453,0.7474442,0.677485,0.5918826,0.7029155,0.701524,0.6944333,0.8327522,0.7589282,0.9615389
2021-11-10 14:23:00,2021-11-10 06:23:00,0.7130119,0.7079768,0.6812594,0.8804928,0.6625103,0.8720277,0.7690574,0.8279842,0.6956822,0.785199,0.7997182,0.7264369,0.7851914,0.8488084,1.024794,0.7306536
2021-11-10 14:43:00,2021-11-10 06:43:00,0.7126763,0.7374057,0.6971024,0.799245,0.6528932,0.865813,1.074877,0.8865203,0.768613,0.7677368,0.7357593,0.6852384,0.7397889,0.8352383,0.8325092,0.6690333
2021-11-10 15:03:00,2021-11-10 07:03:00,0.6915929,0.7519351,0.6709903,0.7769693,0.6577254,0.818837,0.7836116,0.7206684,0.6374047,0.6981984,0.6977628,0.6909572,0.6692559,0.8325756,0.7689131,0.6485035
2021-11-10 15:23:00,2021-11-10 07:23:00,0.6519566,0.7161282,0.6846026,0.7739648,0.6107157,1.188621,0.821836,0.7190527,0.666753,0.7289516,0.7222167,0.670565,0.6861652,0.8331351,0.7614244,0.6283183
2021-11-10 15:43:00,2021-11-10 07:43:00,0.6806245,0.7408493,0.8331262,0.7965302,0.6520388,1.287544,0.7473513,0.7414738,0.7034226,0.6507562,0.6720594,0.6929928,0.7130527,1.139142,0.7379645,0.6384504
2021-11-10 16:03:00,2021-11-10 08:03:00,0.73285,0.8691553,0.7497785,0.7476313,0.7046128,1.276055,0.6982583,0.7069359,0.6145951,0.9078401,0.6784922,0.8350837,0.7081057,1.086119,0.7439426,0.6061305
2021-11-10 16:23:00,2021-11-10 08:23:00,0.6583917,0.7217638,0.6478084,0.7557086,0.6329581,1.110887,0.7309309,0.7198848,0.638304,0.8206187,0.6600643,1.224192,0.8121889,0.9255858,0.7393565,0.6156244
2021-11-10 16:43:00,2021-11-10 08:43:00,0.666091,0.6924775,0.6366244,0.7476305,0.6262881,1.278812,0.7381936,0.6856117,0.6867554,0.6541084,0.7362592,1.172473,0.6888477,0.8270563,0.7216066,0.6078671
2021-11-10 17:03:00,2021-11-10 09:03:00,0.6954382,0.6695396,0.6438671,1.021527,0.6323465,0.9746624,0.7295841,0.7172402,0.9996009,0.6733283,0.8406409,1.090134,0.7287757,0.803426,0.7136374,0.5966575
2021-11-10 17:23:00,2021-11-10 09:23:00,0.6766973,0.6533665,0.6484012,1.243823,0.6222314,0.8502552,0.6459715,0.819407,0.9550302,0.6321138,0.9786747,0.8150011,0.6980781,0.8304079,0.7899965,0.6620246
2021-11-10 17:43:00,2021-11-10 09:43:00,0.7352529,0.6493245,0.6600034,1.216542,0.8164383,0.7611775,0.6748827,1.117597,0.7559138,0.6960027,0.8242496,0.6966555,0.6843534,0.7616664,0.8758715,1.075182
2021-11-10 18:03:00,2021-11-10 10:03:00,0.9062559,0.7062008,0.9697332,1.257786,1.091899,0.7944577,0.6893173,1.065152,0.6400286,0.6727794,0.5927103,0.6718863,0.819185,0.8420066,0.930415,1.243543
2021-11-10 18:23:00,2021-11-10 10:23:00,0.6419418,0.9673831,1.011389,0.9415252,1.159993,0.8642041,0.9571858,0.9661474,0.6217501,0.855177,0.7063289,0.6647667,0.9890116,0.9938562,0.7692806,1.044843
2021-11-10 18:43:00,2021-11-10 10:43:00,0.7270683,0.9557849,1.13457,1.021662,1.199056,1.260033,1.231564,0.8748197,0.8609644,0.9714906,0.7112386,0.8939973,0.875331,1.421734,0.6926818,1.23789
2021-11-10 19:03:00,2021-11-10 11:03:00,1.03471,0.8102867,0.643061,1.381366,1.276581,1.334298,1.140959,0.8534674,0.9543625,1.079681,0.8863174,1.26634,0.7853146,1.30646,0.8817768,1.182717
2021-11-10 19:23:00,2021-11-10 11:23:00,1.275161,1.048179,0.9707767,1.648488,1.224032,1.338106,1.205671,1.388862,1.18677,1.220162,1.207941,1.463802,1.292305,1.561736,1.336827,1.282567
2021-11-10 19:43:00,2021-11-10 11:43:00,1.308854,1.558126,1.415272,1.683649,1.327352,1.112102,1.220826,1.579911,1.372525,1.407424,1.349289,1.480851,1.393484,1.906499,1.495264,1.342752
2021-11-10 20:03:00,2021-11-10 12:03:00,1.294457,1.538052,1.416962,1.706908,1.303263,1.282566,1.262044,1.435503,1.229248,1.377295,1.18696,1.329671,1.355517,1.666253,1.469962,1.312283
2021-11-10 20:23:00,2021-11-10 12:23:00,1.379542,1.494718,1.356139,1.548903,1.310539,1.311668,1.27641,1.318622,1.347232,1.347953,1.139721,1.376265,1.38594,1.742999,1.43156,1.226733
2021-11-10 20:43:00,2021-11-10 12:43:00,1.330338,1.410862,1.356278,1.620553,1.40949,1.455109,1.244921,1.483444,1.227625,1.330761,1.066372,1.345999,1.35471,1.683749,1.46612,1.394128
2021-11-10 21:03:00,2021-11-10 13:03:00,1.32437,1.419639,1.373723,1.606065,1.386637,1.333922,1.204157,1.477059,1.207495,1.295065,1.251244,1.401975,1.369677,1.697208,1.434008,1.294062
2021-11-10 21:23:00,2021-11-10 13:23:00,1.277765,1.416209,1.351396,1.618849,1.22298,1.224923,1.221102,1.45566,1.145981,1.360812,1.05333,1.38076,1.356852,1.557272,1.426357,1.363403
2021-11-10 21:43:00,2021-11-10 13:43:00,1.321015,1.444219,1.402759,1.580127,1.361364,1.248849,1.203326,1.348128,1.013,1.389185,1.269706,1.454234,1.324745,1.775781,1.456076,1.392482
2021-11-10 22:03:00,2021-11-10 14:03:00,1.264088,1.380685,1.387298,1.59415,1.299632,1.282897,1.249834,1.441372,1.158929,1.350594,1.155784,1.354228,1.3704,1.566115,1.391364,1.31206
2021-11-10 22:23:00,2021-11-10 14:23:00,1.350315,1.411312,1.35752,1.511857,1.245733,1.100228,1.245105,1.3226,1.118522,1.397651,1.073917,1.286164,1.301969,1.665758,1.429555,1.314064
2021-11-10 22:43:00,2021-11-10 14:43:00,1.175873,1.417858,1.377312,1.562783,1.341066,1.215976,1.1944,1.448896,1.179755,1.182244,1.091439,1.511138,1.384653,1.684886,1.382548,1.282437
2021-11-10 23:03:00,2021-11-10 15:03:00,1.178453,1.355085,1.299846,1.532237,1.33135,0.921369,1.123456,1.366218,0.9716967,1.261739,1.089819,1.346966,1.335631,1.570331,1.263879,1.185473
2021-11-10 23:23:00,2021-11-10 15:23:00,1.045698,1.392219,1.370215,1.59121,1.413135,0.8499568,1.150527,1.310015,0.903127,1.35374,1.194143,1.467272,1.379909,1.725891,1.54399,1.32896
2021-11-10 23:43:00,2021-11-10 15:43:00,1.074488,1.379214,1.321818,1.554212,1.245939,0.7460487,1.196466,1.36088,0.9475437,1.271118,0.7143028,1.265604,1.26348,1.408573,1.419919,1.231755
2021-11-11 00:03:00,2021-11-10 16:03:00,1.101364,1.29677,1.372976,1.548601,1.372588,0.7321979,0.8322535,1.340745,0.44054,1.182469,0.6350502,1.269057,1.373946,1.731479,1.473332,1.228348
2021-11-11 00:23:00,2021-11-10 16:23:00,1.083274,1.255609,1.318387,1.591076,1.398567,0.8368366,1.006883,1.386588,0.4083655,1.248502,0.6499022,1.243751,1.245215,1.477835,1.299164,1.284844
2021-11-11 00:43:00,2021-11-10 16:43:00,0.8310081,1.356128,1.293663,1.346393,1.297826,0.7776172,1.191513,1.28605,0.4615613,1.043615,0.6676639,1.015253,1.297023,1.827696,1.516135,1.314884
2021-11-11 01:03:00,2021-11-10 17:03:00,0.4870351,1.457349,1.37563,1.552125,1.395408,0.9580628,1.229899,1.23806,0.5231032,1.226147,0.7259562,1.32448,1.363567,1.657631,1.19436,1.203269
2021-11-11 01:23:00,2021-11-10 17:23:00,0.3897264,1.410337,1.240912,1.662832,1.178024,1.316114,1.23834,1.356865,0.553389,1.008442,0.7024817,1.093662,1.193334,1.647072,1.038906,1.072152
2021-11-11 01:43:00,2021-11-10 17:43:00,0.5240903,1.200961,1.200749,1.604559,1.425747,1.323037,1.261776,1.374363,0.6032082,0.9123052,0.673229,1.435846,1.432954,1.647722,0.9762454,1.171798
2021-11-11 02:03:00,2021-11-10 18:03:00,0.5750189,1.0085,1.064023,1.141669,1.393769,1.143266,0.8758244,1.289017,0.5869223,0.4834267,0.7085708,0.9338365,1.181527,1.680205,0.7704009,1.244173
2021-11-11 02:23:00,2021-11-10 18:23:00,0.6241581,1.017411,1.113895,1.150869,1.274109,1.159969,0.8708521,1.123415,0.6635653,0.5028913,1.262345,0.4854845,1.362428,1.470391,0.5301558,1.240562
2021-11-11 02:43:00,2021-11-10 18:43:00,0.6760587,0.9476943,0.9368817,1.037546,1.297469,1.024487,0.8939896,1.170646,1.321597,0.6916685,1.163249,0.5264394,1.336492,1.539061,0.7151867,1.053266
2021-11-11 03:03:00,2021-11-10 19:03:00,1.021979,0.8588979,0.5057326,0.7874014,1.219262,0.7847015,0.5138526,0.7221308,1.197129,0.6806755,1.007296,0.6065366,1.168652,1.655852,0.693525,0.8360499
2021-11-11 03:23:00,2021-11-10 19:23:00,1.415493,0.6545718,0.3927895,0.4793814,1.006144,0.7850431,0.4974249,0.5679541,0.8905798,0.6665204,0.8770648,0.5968622,1.26359,1.341931,0.6625939,0.5097132
2021-11-11 03:43:00,2021-11-10 19:43:00,1.301981,0.4915673,0.3720067,0.6273729,0.8631596,0.7257077,0.5732251,0.6698873,0.6224725,0.6121144,0.6474274,0.6517392,1.159993,1.673028,0.6825945,0.3677831
2021-11-11 04:03:00,2021-11-10 20:03:00,1.183391,0.6040306,0.5160568,0.6609012,0.3747984,0.6911402,0.6483819,0.6958014,0.4812891,0.6992249,0.6735471,0.8791444,1.111795,1.304995,0.64742,0.3291349
2021-11-11 04:23:00,2021-11-10 20:23:00,1.043363,0.6493078,0.6358938,0.7007002,0.2323374,0.6893753,0.568722,0.6664771,0.5085623,1.257938,0.7039566,1.356244,1.412835,1.54528,0.7459045,0.4131133
2021-11-11 04:43:00,2021-11-10 20:43:00,0.9980455,0.5644314,0.6187465,0.6803115,0.1871316,0.7253813,0.5477859,0.6656371,0.5401644,1.240844,0.686162,1.329972,1.316755,1.010567,0.8131908,0.5367007
2021-11-11 05:03:00,2021-11-10 21:03:00,0.6310878,0.5585722,0.6152338,0.8188766,0.1650849,0.7002598,0.5463455,0.6959113,0.493169,1.148073,0.6862544,1.196614,1.027209,0.7145552,0.6693124,0.5611182
2021-11-11 05:23:00,2021-11-10 21:23:00,0.356178,0.6501685,0.6290801,0.6300032,0.1442484,0.7950131,0.573979,0.684951,0.5778417,0.8996946,0.7246124,1.177993,1.244435,0.8595693,0.6268405,0.5733717
2021-11-11 05:43:00,2021-11-10 21:43:00,0.2527595,0.5885561,0.737974,0.7783462,0.1451444,0.8142896,0.6499296,0.6564576,0.5569575,0.7784024,0.8459038,1.236876,1.368699,0.8006262,0.5871653,0.5466228
2021-11-11 06:03:00,2021-11-10 22:03:00,0.2242672,0.6155576,1.282497,1.481513,0.1762978,0.6555352,0.6102971,0.7028843,0.4335709,0.4096262,0.6104805,0.866401,0.9888642,0.7740864,0.8894601,0.5664454
2021-11-11 06:23:00,2021-11-10 22:23:00,0.1682294,0.7509118,1.090681,1.177284,0.1591517,0.668319,0.5846484,1.202108,0.6561185,0.2654307,0.6864575,0.437367,0.5738913,0.7114721,0.8895998,0.6409316
2021-11-11 06:43:00,2021-11-10 22:43:00,0.2992683,0.5278161,0.8731132,0.8900373,0.1874977,0.6287133,0.694949,1.148406,1.297731,0.284469,1.11726,0.3376198,0.2887138,0.7148675,0.7263771,0.7750528
2021-11-11 07:03:00,2021-11-10 23:03:00,0.3282447,0.7500221,0.5981069,0.5863763,0.2479121,0.9424641,1.149079,1.181781,1.11072,0.2903413,0.9144581,0.4500358,0.2813926,1.207856,0.8015698,1.195537
2021-11-11 07:23:00,2021-11-10 23:23:00,0.7119273,0.9669192,0.6026862,0.4030333,0.4709952,1.264983,1.18825,1.027306,0.798893,0.768141,0.7688537,0.7270979,0.6655185,1.394031,0.6372681,1.273816
2021-11-11 07:43:00,2021-11-10 23:43:00,1.103825,0.8857859,1.142846,0.3891892,1.201122,1.093472,0.7608619,0.5979993,0.6457803,1.046509,0.8730859,1.027311,1.03192,1.102922,0.9632019,0.8735909
2021-11-11 08:03:00,2021-11-11 00:03:00,1.008522,0.923249,1.075769,0.9658298,1.105534,1.12601,0.9209222,0.9214215,0.9681402,0.9713336,0.9499766,1.184848,1.026898,1.282896,1.030438,0.9897969
2021-11-11 08:23:00,2021-11-11 00:23:00,1.273614,1.262238,1.359518,1.572308,1.2279,1.265247,1.240769,1.316067,1.340662,1.307133,1.368448,1.375769,1.303981,1.666211,1.497133,1.235139
2021-11-11 08:43:00,2021-11-11 00:43:00,1.278637,1.288595,1.388479,1.461639,0.9362652,1.296733,1.276824,1.309976,1.422054,1.344046,1.439494,1.442002,1.3841,1.671451,1.534244,1.245789
2021-11-11 09:03:00,2021-11-11 01:03:00,1.218329,1.358779,1.528864,1.513344,1.214593,1.543252,1.083462,1.162815,1.373205,1.32041,1.354527,1.362133,1.439782,1.699312,1.496586,0.9831245
2021-11-11 09:42:00,2021-11-11 01:42:00,0.8572754,1.198,1.041857,1.3899,1.156918,1.652656,1.209788,0.8922949,1.308351,1.195835,1.011848,1.072318,1.332772,1.490294,1.192282,0.8475611
2021-11-11 10:02:00,2021-11-11 02:02:00,0.9448758,0.9681268,1.042615,1.170556,1.169274,1.680635,1.002836,1.182534,1.060995,1.315382,1.04754,1.108781,1.01975,1.25509,1.122174,0.870874
2021-11-11 10:22:00,2021-11-11 02:22:00,0.8719584,1.254334,1.070456,1.156074,1.365452,1.830867,0.8942073,1.43245,0.9935114,1.175244,1.017225,1.247108,1.063162,1.26371,1.150374,1.196348
2021-11-11 10:42:00,2021-11-11 02:42:00,0.9273095,1.432534,1.464427,1.346468,1.299187,1.652353,0.9847291,1.293227,1.018137,1.089864,1.102641,1.470068,1.216528,1.217507,1.296402,1.000549
2021-11-11 11:02:00,2021-11-11 03:02:00,1.288546,1.201853,1.371777,1.288404,1.218231,1.409336,0.956708,1.252847,1.028008,1.021226,1.42163,1.752924,1.470735,1.208844,1.484324,1.343172
2021-11-11 11:22:00,2021-11-11 03:22:00,1.316184,1.041487,1.303634,1.245633,1.152677,1.520742,0.890034,1.349831,1.198412,1.05724,1.096926,1.578629,1.522077,1.419626,1.461307,1.268185
2021-11-11 11:42:00,2021-11-11 03:42:00,0.9872528,1.064952,1.028532,1.287738,1.111513,1.37763,1.444867,1.258534,0.9664452,1.176766,1.000653,1.207712,1.078444,1.74793,1.288324,1.133559
2021-11-11 12:02:00,2021-11-11 04:02:00,0.8782697,1.083122,1.075459,1.14309,1.093971,1.258571,1.356294,1.181529,0.9746227,1.39619,1.440163,1.169078,1.093559,1.570519,1.150475,1.1536
2021-11-11 12:22:00,2021-11-11 04:22:00,0.9483761,1.503246,1.270649,1.537909,1.198857,1.487264,1.170299,1.124799,1.067435,1.503353,1.437567,1.149337,1.107856,1.311673,1.180587,0.9985415
2021-11-11 12:42:00,2021-11-11 04:42:00,0.91829,1.471324,1.122979,1.568465,1.074588,1.44141,1.022018,1.074055,0.8978055,1.277108,1.100596,1.132733,1.529039,1.30481,1.265102,1.028768
2021-11-11 13:02:00,2021-11-11 05:02:00,0.8641587,1.541201,1.004416,1.403286,1.077555,1.35638,1.02378,1.06641,0.9702139,1.088503,0.9873768,1.261589,1.506142,1.239413,1.655696,1.009057
2021-11-11 13:22:00,2021-11-11 05:22:00,0.9352014,1.398014,1.128718,1.186491,1.198576,1.289519,1.002492,1.026568,1.41283,1.207189,0.9910358,1.141419,1.06754,1.15719,1.452085,0.9834834
2021-11-11 13:42:00,2021-11-11 05:42:00,0.9423347,1.233196,1.087246,1.221155,1.441424,1.28869,1.013815,1.006584,1.292389,1.253597,1.141512,1.597668,1.119153,1.194485,1.351789,0.9708569
2021-11-11 14:02:00,2021-11-11 06:02:00,1.414676,1.127474,1.172122,1.210956,1.203494,1.268744,0.9320556,1.018522,1.01487,1.231857,1.470583,1.81295,1.198681,1.386914,1.122051,1.000123
2021-11-11 14:22:00,2021-11-11 06:22:00,1.274706,1.114923,1.059844,1.188054,1.081513,1.295392,0.9398861,0.9508783,0.9272783,1.061795,1.378485,1.605022,1.204359,1.195103,1.090319,0.9719383
2021-11-11 14:42:00,2021-11-11 06:42:00,1.212425,1.19556,1.155244,1.332355,1.063031,1.272363,1.296193,1.004113,1.434223,1.076907,1.410294,1.403022,1.37071,1.1767,1.241297,0.9439815
2021-11-11 15:02:00,2021-11-11 07:02:00,0.9223201,1.085109,1.169512,1.570763,1.049169,1.457699,1.156518,1.188951,1.05191,1.051587,1.206693,1.241469,1.531837,1.262022,1.571203,1.089426
2021-11-11 15:22:00,2021-11-11 07:22:00,0.9668933,1.064969,1.010433,1.227201,1.155905,1.667125,1.020893,1.356712,0.971662,1.354916,1.315749,1.21044,1.33138,1.33903,1.10709,0.9616206
2021-11-11 15:42:00,2021-11-11 07:42:00,0.9662826,1.314463,1.029148,1.255897,1.072919,1.733568,1.041943,1.295406,0.9042512,1.383748,1.342397,1.167316,1.019044,1.412848,1.118284,1.268807
2021-11-11 16:02:00,2021-11-11 08:02:00,1.178495,1.156759,1.022895,1.326106,1.093815,1.381135,0.9517101,1.171327,0.9390244,1.331264,1.092714,1.13817,1.109008,1.475872,1.128088,1.206423
2021-11-11 16:22:00,2021-11-11 08:22:00,1.001855,1.128038,1.12334,1.583044,1.398293,1.262902,0.9755502,1.052328,1.026231,1.155028,1.066922,1.175303,1.000461,1.152262,1.211899,0.9829485
2021-11-11 16:42:00,2021-11-11 08:42:00,0.9840868,1.13295,1.615597,1.262372,1.010763,1.197496,1.110303,1.03511,0.937781,1.141352,1.110121,1.425545,1.20132,1.146176,1.176684,0.9303386
2021-11-11 17:02:00,2021-11-11 09:02:00,1.169755,1.116882,1.57032,1.265547,1.012176,1.372779,1.1071,1.002329,1.389426,1.156311,1.087505,1.682326,1.525395,1.135756,1.258118,0.9118405
2021-11-11 17:22:00,2021-11-11 09:22:00,1.196286,1.220285,1.419602,1.428502,1.06361,1.760383,1.143024,1.112746,1.546078,1.035289,1.067349,1.609425,1.275861,1.101745,1.586128,0.9650608
2021-11-11 17:42:00,2021-11-11 09:42:00,0.9603038,1.537928,1.287438,1.486438,1.287838,1.748691,1.432661,1.435149,1.248936,1.144818,1.180133,1.232676,1.15157,1.392038,1.618096,1.210262
2021-11-11 18:02:00,2021-11-11 10:02:00,1.091758,1.356874,0.9428025,1.170075,1.632391,1.646488,1.039045,1.490436,0.9542709,1.102437,1.139051,1.176168,1.128157,1.615267,1.449306,1.163944
2021-11-11 18:22:00,2021-11-11 10:22:00,1.070128,1.111873,1.060954,1.465118,1.781743,1.461136,1.104594,1.079117,1.026592,1.218447,1.577142,1.214593,1.356616,1.181553,1.087616,1.093083
2021-11-11 18:42:00,2021-11-11 10:42:00,1.076787,1.197644,1.143289,1.506537,1.590891,1.32993,1.132577,1.089252,1.42204,1.543408,1.176156,1.248241,1.491407,1.247349,1.099578,1.181134
2021-11-11 19:02:00,2021-11-11 11:02:00,1.387019,1.222355,1.240843,1.70689,1.633364,1.732504,1.618303,1.372042,1.646534,1.265774,1.160497,1.31308,1.592214,1.572848,1.223756,1.63373
2021-11-11 19:22:00,2021-11-11 11:22:00,1.706011,1.449625,1.790494,2.059246,1.438719,1.99886,1.765218,1.763476,1.710604,1.56824,1.741649,1.953806,1.83014,1.608419,1.570451,1.76891
2021-11-11 19:42:00,2021-11-11 11:42:00,1.827715,2.050282,1.961522,2.404376,1.532538,1.725984,1.783576,2.071813,1.923074,2.016262,1.844604,2.091539,2.10825,2.279872,1.863775,1.786142
2021-11-11 20:02:00,2021-11-11 12:02:00,1.805742,2.200583,1.835978,2.278253,2.037841,1.804885,1.811605,1.789066,1.847185,1.939464,1.786045,1.999931,2.11599,2.10608,2.039606,1.846269
2021-11-11 20:22:00,2021-11-11 12:22:00,1.714749,2.159749,1.952463,2.458132,2.016625,1.868347,1.708344,1.807462,1.823809,1.813563,1.744932,1.950959,2.040648,2.14027,2.06956,1.814341
2021-11-11 20:42:00,2021-11-11 12:42:00,1.671765,2.010712,1.917655,2.461008,1.937519,1.741345,1.713213,2.006159,1.675909,1.844454,1.591841,1.994752,1.885783,2.034619,1.949849,1.745081
2021-11-11 21:02:00,2021-11-11 13:02:00,1.744167,2.280161,1.973189,2.460903,1.905463,1.918394,1.640792,1.763162,1.556588,1.942722,1.776359,2.076974,1.884092,2.142639,2.116694,1.528699
2021-11-11 21:22:00,2021-11-11 13:22:00,1.446245,2.052441,2.034554,2.172234,1.752769,1.750527,1.740313,1.724032,1.51335,1.802009,1.63294,1.929396,2.164903,2.18368,2.004328,1.594731
2021-11-11 21:42:00,2021-11-11 13:42:00,1.463183,2.192817,1.86443,2.315593,1.701247,1.663657,1.731789,1.798199,1.766711,1.835602,1.577832,1.9834,2.031671,2.025524,2.174186,1.712662
2021-11-11 22:02:00,2021-11-11 14:02:00,1.562942,2.004768,1.982061,2.418697,1.813614,1.769191,1.719732,1.801302,1.789977,1.69524,1.603372,1.937816,1.864988,2.201281,1.973024,1.534565
2021-11-11 22:22:00,2021-11-11 14:22:00,1.600144,1.696442,2.07163,2.271709,1.984659,1.527542,1.574316,1.928013,1.582555,2.040142,1.602345,2.151569,2.091122,2.124235,1.816647,1.430366
2021-11-11 22:42:00,2021-11-11 14:42:00,1.703373,2.184612,1.95236,2.129064,1.644509,1.371073,1.769267,1.906306,1.670461,1.687146,1.561211,1.807087,1.739457,1.937788,1.864079,1.682106
2021-11-11 23:02:00,2021-11-11 15:02:00,1.496777,1.974025,2.039771,1.933432,1.657416,1.477926,1.699359,1.811462,1.727337,1.669742,1.609976,1.769109,1.832738,1.967449,1.883174,1.745166
2021-11-11 23:22:00,2021-11-11 15:22:00,1.626056,2.036297,1.857781,2.168509,1.67647,1.745551,1.790067,1.892867,1.701485,1.605819,1.619019,1.908104,1.880966,2.074392,2.031171,1.476803
2021-11-11 23:42:00,2021-11-11 15:42:00,1.593912,1.732428,1.844818,2.322882,1.968206,1.795959,1.794951,1.801854,1.760474,1.836561,1.68834,1.886581,1.774087,2.239116,2.1124,1.659597
2021-11-12 00:02:00,2021-11-11 16:02:00,1.493399,2.132497,1.92727,1.93351,1.927856,1.721347,1.798592,1.785503,1.561826,1.61032,1.637836,1.956633,1.803647,2.166147,1.823292,1.570325
2021-11-12 00:22:00,2021-11-11 16:22:00,1.499915,2.021188,1.73311,2.009382,1.683506,1.756345,1.729821,1.925635,1.619808,1.789421,1.553123,1.813545,1.788226,2.086345,2.048538,1.537116
2021-11-12 00:42:00,2021-11-11 16:42:00,1.71846,1.749182,1.831406,2.348313,1.66362,1.868064,1.534607,1.88531,1.779049,1.672315,1.579902,1.828578,1.698871,2.13843,2.02718,1.504988
2021-11-12 01:02:00,2021-11-11 17:02:00,1.724076,1.765429,1.886965,2.315546,1.637813,1.812171,1.607272,1.838379,1.669521,2.031072,1.231093,1.990966,1.717362,2.137711,1.78631,1.594824
2021-11-12 01:22:00,2021-11-11 17:22:00,1.55816,1.894213,1.728601,2.133934,1.663669,1.736304,1.668641,1.88259,1.821916,1.788904,1.203505,1.723692,1.681643,1.804484,1.727839,1.660101
2021-11-12 01:42:00,2021-11-11 17:42:00,1.500329,1.820613,1.694239,1.783616,1.426029,1.671432,1.72599,1.745647,1.387111,1.542673,1.211778,1.794327,1.378529,2.125589,1.871168,1.418661
2021-11-12 02:02:00,2021-11-11 18:02:00,1.46751,2.092359,1.743162,1.837164,1.69636,1.596806,1.553037,1.711138,1.587643,1.686021,1.66909,1.645042,1.266965,2.118608,1.794729,1.419481
2021-11-12 02:22:00,2021-11-11 18:22:00,1.523418,1.71322,1.713217,1.79404,1.640336,1.700168,1.455616,1.807332,1.532089,1.51756,1.704927,1.672681,1.310014,2.04096,1.727922,1.334096
2021-11-12 02:42:00,2021-11-11 18:42:00,1.710931,1.633442,1.648299,1.724671,1.416229,1.331012,1.448228,2.028279,1.355681,1.700545,1.647378,1.512607,1.319159,1.97014,1.594668,1.105728
2021-11-12 03:02:00,2021-11-11 19:02:00,1.297666,1.841181,1.524078,1.684057,1.352754,1.292214,1.626804,1.887529,1.136238,1.37445,1.518854,1.374267,1.294278,2.204725,1.38331,1.097129
2021-11-12 03:22:00,2021-11-11 19:22:00,0.9706346,1.791806,1.577213,1.406399,1.155295,1.225199,1.276967,1.885846,1.098291,1.244671,1.592624,1.251309,1.274515,2.010484,1.377632,1.097905
2021-11-12 03:42:00,2021-11-11 19:42:00,1.011497,1.57636,1.647481,1.350037,1.127424,1.182208,1.029751,1.539267,1.028892,1.196924,1.449363,1.133118,1.396871,1.739674,1.347485,1.132526
2021-11-12 04:02:00,2021-11-11 20:02:00,1.026071,1.444051,1.517258,1.282568,1.074096,1.1406,1.261617,1.715716,0.9695858,1.150021,1.316069,1.413651,1.98341,1.9842,1.495978,1.54165
2021-11-12 04:22:00,2021-11-11 20:22:00,0.9452717,1.670649,1.458229,1.246786,1.059491,1.141851,1.08613,1.844981,1.061972,1.072972,1.234176,1.677905,1.958983,1.968672,1.449116,1.830572
2021-11-12 04:42:00,2021-11-11 20:42:00,1.04815,1.602016,1.472412,1.23657,1.202823,1.216818,1.091839,1.390269,0.9794889,1.200733,1.157141,1.143932,1.861202,1.609699,1.363692,1.5393
2021-11-12 05:02:00,2021-11-11 21:02:00,1.004142,1.402465,1.322427,1.326337,1.612943,1.074842,0.7748861,1.317048,0.9179968,1.626693,1.10564,1.241341,1.333274,1.426991,1.254788,1.632383
2021-11-12 05:22:00,2021-11-11 21:22:00,0.978021,1.356603,1.249873,1.347768,1.513581,1.020616,0.8232524,1.278003,0.8970297,1.634358,1.096251,1.090745,1.203348,1.240275,1.199355,1.644039
2021-11-12 05:42:00,2021-11-11 21:42:00,0.9457709,1.424695,1.16611,1.123781,1.719244,0.960726,0.8440754,1.114395,1.306181,1.502913,0.999534,1.006675,1.053151,1.128976,1.499322,1.763526
2021-11-12 06:02:00,2021-11-11 22:02:00,0.9439468,1.28899,1.165184,1.082079,1.388543,0.96591,0.8124362,1.006304,1.759513,1.401418,1.044147,0.9790655,0.9730667,1.131262,1.326174,1.669038
2021-11-12 06:22:00,2021-11-11 22:22:00,0.8619258,1.101758,1.145889,1.089971,0.9956016,0.9286472,0.8008131,1.032118,1.416227,1.494862,1.041752,0.9644545,1.007562,1.139915,1.243299,1.36226
2021-11-12 06:42:00,2021-11-11 22:42:00,1.113515,1.001024,1.146417,1.08367,0.9186803,0.966204,0.7929382,1.051539,1.63257,1.358566,0.9883803,0.9747656,1.026033,1.558615,1.498634,1.112027
2021-11-12 07:02:00,2021-11-11 23:02:00,1.670286,1.028015,1.1938,0.9878137,0.8737016,0.9140313,1.110999,1.024483,1.420422,1.575309,1.130086,1.074121,1.754636,1.821974,1.727562,1.067925
2021-11-12 07:22:00,2021-11-11 23:22:00,1.596541,1.014249,1.697792,1.302324,0.8656844,1.234038,1.53985,0.9906181,1.367641,1.42365,1.428167,1.454098,1.55507,1.743737,1.6839,0.9684823
2021-11-12 07:42:00,2021-11-11 23:42:00,1.317939,0.9855104,1.219496,1.702075,0.9006392,1.271176,1.001484,0.9708932,1.272716,1.120749,1.361507,1.31716,1.547042,1.488545,1.564929,0.8913324
2021-11-12 08:02:00,2021-11-12 00:02:00,1.283896,1.0159,1.106662,1.72858,0.8646276,1.295599,0.8312432,1.007651,1.116395,0.9640016,1.24855,1.04909,1.464022,1.283375,1.575984,0.9158996
2021-11-12 08:22:00,2021-11-12 00:22:00,1.171648,0.9544523,1.055283,1.763653,1.035372,1.33374,0.8859963,0.954101,0.8537777,0.8669164,1.379056,0.9458467,1.141203,1.110877,1.452518,1.086904
2021-11-12 08:42:00,2021-11-12 00:42:00,1.010652,0.9989353,1.023413,1.723617,1.311139,1.346569,1.133215,0.9458391,0.9726157,0.8426689,1.380069,0.9272909,1.088555,1.029951,1.428319,1.138979
2021-11-12 09:02:00,2021-11-12 01:02:00,1.016392,0.938238,1.371424,1.527158,1.129074,1.276003,1.37904,1.162149,1.459246,0.8730235,1.083011,1.44148,1.099829,0.9934859,1.30688,1.355097
2021-11-12 09:22:00,2021-11-12 01:22:00,1.176169,0.8534672,1.347981,1.524052,0.9703475,1.399591,0.8962718,1.222372,1.417227,0.9044115,1.06348,1.477051,1.494766,1.012958,1.277537,1.090314
2021-11-12 09:42:00,2021-11-12 01:42:00,1.42934,0.8679834,1.338189,1.415635,0.8697186,1.187953,0.8732522,1.365314,1.364688,0.9226438,0.9633898,1.462778,1.381062,1.015784,1.229769,1.023798
2021-11-12 10:02:00,2021-11-12 02:02:00,1.266133,0.8663282,1.464072,1.291798,0.878571,1.423102,0.8652599,1.350881,1.445331,1.029536,0.951611,1.323348,1.143,1.24487,1.387713,0.9716641
2021-11-12 10:22:00,2021-11-12 02:22:00,1.261472,1.176148,1.186753,1.228772,1.091208,1.578831,1.005857,1.305921,1.285336,1.132366,1.165055,1.366695,1.117762,1.471373,1.506168,1.075843
2021-11-12 10:42:00,2021-11-12 02:42:00,1.08632,1.199703,1.035499,1.085046,1.425002,1.134944,0.8814175,1.229206,1.016543,0.9266244,1.423473,1.204471,1.016512,1.461866,1.32361,0.9923359
2021-11-12 11:02:00,2021-11-12 03:02:00,1.015938,1.124807,0.9419665,1.14237,1.197058,1.143421,0.823059,1.106904,1.352747,0.9096909,1.337032,1.152429,0.9614289,1.352722,1.251702,0.9196692
2021-11-12 11:22:00,2021-11-12 03:22:00,0.95599,0.9345351,0.9091799,1.135629,1.180613,1.06482,0.9857611,1.000502,1.024327,0.9325703,1.442443,1.150284,1.188625,1.231807,1.132603,0.8408543
2021-11-12 11:42:00,2021-11-12 03:42:00,0.9589675,0.8801875,0.912361,1.594442,1.141838,0.9899649,0.8973241,0.9885056,1.162104,0.8429881,1.206568,1.06261,1.438355,1.13349,1.142277,0.8635965
2021-11-12 12:02:00,2021-11-12 04:02:00,0.9833906,0.9025221,1.117764,1.559985,1.089524,1.006124,0.8941221,1.009259,0.8965184,0.8306851,1.033857,1.42286,1.488991,1.091579,1.142938,1.139598
2021-11-12 12:22:00,2021-11-12 04:22:00,1.245408,1.233097,1.443371,1.403046,1.046795,0.9015239,0.9217898,1.001687,0.9419624,0.7983915,0.9401132,1.662511,1.240676,1.069814,1.22332,1.321937
2021-11-12 12:42:00,2021-11-12 04:42:00,0.95043,1.234765,1.308501,1.257666,1.19659,0.9138839,0.9827557,1.195875,0.9702998,0.9817074,0.9400933,1.425573,1.163476,1.386215,1.022041,1.117858
2021-11-12 13:02:00,2021-11-12 05:02:00,0.9200486,1.215902,1.183142,1.17338,1.04368,0.867184,0.8553901,1.372568,1.155037,1.280385,0.952754,1.435765,1.092762,1.208054,0.9651508,0.9546013
2021-11-12 13:22:00,2021-11-12 05:22:00,0.9472659,1.0927,0.9535331,1.088013,0.9271525,1.14984,0.9796614,1.18032,0.9838834,1.152888,1.020891,1.409742,1.111781,1.077338,0.9212009,0.9112785
2021-11-12 13:42:00,2021-11-12 05:42:00,0.9065164,1.046607,0.9495368,1.119972,0.9124568,1.439214,0.9211532,1.214328,0.8725154,0.9118123,1.178257,1.292112,1.27104,1.026042,0.9318715,0.9012325
2021-11-12 14:02:00,2021-11-12 06:02:00,1.266727,1.083136,0.8929288,1.201001,1.045503,1.265185,1.147561,1.119947,0.9682719,0.9182324,1.144478,1.201261,1.408562,1.023533,1.201907,0.8782385
2021-11-12 14:22:00,2021-11-12 06:22:00,1.261544,1.17478,0.9264208,1.525129,0.9924797,1.221647,0.9320142,1.044702,1.045732,0.9276609,1.117867,1.152608,1.192828,0.9758255,1.120271,0.8910474
2021-11-12 14:42:00,2021-11-12 06:42:00,1.099715,1.285131,0.8771291,1.306871,0.9416234,1.058508,0.9029846,1.016601,1.039413,0.9142931,1.073216,1.203297,1.132255,1.034271,1.03085,1.125167
2021-11-12 15:02:00,2021-11-12 07:02:00,0.9042328,1.268599,0.9192581,1.279836,0.8638045,1.033016,1.074647,1.042428,0.9953122,1.03237,0.9929618,1.263714,1.086804,1.472496,0.9901657,1.26109
2021-11-12 15:22:00,2021-11-12 07:22:00,0.8889123,1.183834,1.176782,1.146537,0.8648688,0.9326469,1.382699,0.9944657,0.7858896,0.9000541,0.9838424,1.179933,0.7976364,1.211095,0.917987,1.1103
2021-11-12 15:42:00,2021-11-12 07:42:00,0.9368997,1.185639,1.093118,1.155442,1.11492,0.8868627,0.9692202,0.953941,0.8064072,1.30466,1.184742,1.194132,1.395726,1.136848,0.9230291,1.091292
2021-11-12 16:02:00,2021-11-12 08:02:00,1.205962,1.128577,0.8699528,1.225974,1.062286,0.8291533,0.8981808,0.855306,0.95381,0.9487359,1.397962,1.116364,1.385701,0.9890496,0.9084949,0.9091644
2021-11-12 16:22:00,2021-11-12 08:22:00,1.025864,1.066844,0.8471355,1.33688,0.9698099,1.02411,0.896069,0.9774542,1.183286,0.9676989,1.123419,1.168613,1.482933,1.01302,1.45223,0.9728521
2021-11-12 16:42:00,2021-11-12 08:42:00,1.024937,1.068869,0.9436488,1.339712,0.9213075,1.39076,0.9438565,0.9019169,1.088365,0.9367652,0.9814631,1.116309,1.334048,0.9695473,1.346079,0.9615809
2021-11-12 17:02:00,2021-11-12 09:02:00,1.12711,1.031574,1.177668,1.297795,1.235361,1.576586,0.9169576,0.8682564,0.8368773,0.8736526,0.9342014,1.04959,1.135666,0.9194244,1.268335,0.9092031
2021-11-12 17:22:00,2021-11-12 09:22:00,0.9667102,0.971169,0.9584206,1.211064,1.057652,1.191092,0.7949127,0.7745023,0.6581115,0.810236,0.8748494,0.9435415,1.184214,0.8593356,1.145976,0.9359068
2021-11-12 17:42:00,2021-11-12 09:42:00,1.183143,0.931136,0.9631673,1.296444,1.024412,1.082405,0.8571408,1.295955,0.8283436,0.9060063,1.433105,1.544296,1.270792,0.924569,1.146372,0.9892573
2021-11-12 18:02:00,2021-11-12 10:02:00,1.169136,1.160008,1.255005,1.274545,0.9637232,1.065197,1.063526,1.325528,1.101779,1.036187,1.434366,1.744193,1.260843,1.078472,1.179461,1.02488
2021-11-12 18:22:00,2021-11-12 10:22:00,1.141505,0.9350007,1.124918,1.757363,1.226247,1.585691,1.366493,1.178089,1.053699,1.25447,1.125959,1.562113,1.2671,1.243374,1.159677,1.168855
2021-11-12 18:42:00,2021-11-12 10:42:00,1.162642,1.024046,1.242974,1.821552,1.592628,1.659634,1.26644,1.10355,1.334692,1.095121,1.073066,1.226844,1.636903,1.176135,1.185878,1.240056
2021-11-12 19:02:00,2021-11-12 11:02:00,1.370476,1.289662,1.681276,2.166149,1.675043,1.786661,1.486627,1.204357,1.409922,1.04616,1.269227,1.217214,1.589533,1.257956,1.592322,1.713944
2021-11-12 19:22:00,2021-11-12 11:22:00,1.737194,1.149657,1.753898,2.041747,1.694457,1.627596,1.600756,1.667171,1.776158,1.660335,1.565412,1.765027,1.363972,1.791159,1.796708,1.773647
2021-11-12 19:42:00,2021-11-12 11:42:00,1.784512,1.284934,1.822617,2.409618,1.738472,1.672153,1.6327,1.820514,1.816071,1.77261,1.891673,1.876149,2.03973,1.942846,1.937722,1.738903
2021-11-12 20:02:00,2021-11-12 12:02:00,1.763147,1.74271,1.711838,2.303961,1.669635,1.712157,1.456513,1.763851,1.698719,1.656145,1.534589,1.965631,1.702486,2.094689,1.913725,1.65722
2021-11-12 20:22:00,2021-11-12 12:22:00,1.505239,1.6814,1.666579,2.046055,1.805553,1.658213,1.542046,1.578764,1.71487,1.766018,1.643261,1.727198,2.215169,2.129766,1.815409,1.664078
2021-11-12 20:42:00,2021-11-12 12:42:00,1.614859,1.824427,1.840099,2.264868,1.736048,1.776635,1.5322,1.848706,1.901441,1.713549,1.752991,2.197178,2.096346,1.947473,2.161063,1.861444
2021-11-12 21:02:00,2021-11-12 13:02:00,1.850664,1.755899,1.682104,2.221983,1.612393,1.562885,1.480578,1.823273,1.619239,1.706606,1.587659,1.842278,1.927495,1.958141,2.026966,1.752507
2021-11-12 21:22:00,2021-11-12 13:22:00,1.783921,1.680879,1.763149,2.253664,1.663086,1.44526,1.609453,1.870779,1.77301,1.894834,1.702875,1.98798,1.91182,2.13632,2.159925,1.76129
2021-11-12 21:42:00,2021-11-12 13:42:00,1.45185,1.493339,1.708278,2.017099,1.753985,1.25629,1.577041,1.708927,1.715734,1.803205,1.456716,1.796257,1.896717,2.231604,1.922922,1.422224
2021-11-12 22:02:00,2021-11-12 14:02:00,1.474801,1.782179,1.817292,2.109477,1.667968,1.233779,1.628296,1.893669,1.68289,1.592837,1.354583,1.827269,2.135063,1.847628,1.777354,1.541617
2021-11-12 22:22:00,2021-11-12 14:22:00,1.89243,1.682336,1.837001,1.997604,1.965173,1.367163,1.536404,1.595732,1.664675,1.657565,1.174655,1.803407,2.055968,2.089691,2.169875,1.616215
2021-11-12 22:42:00,2021-11-12 14:42:00,1.780946,1.958566,1.670315,2.110766,1.667347,1.686316,1.715236,1.604957,1.767861,1.769478,1.183693,1.826042,1.905643,2.189651,2.076291,1.554255
2021-11-12 23:02:00,2021-11-12 15:02:00,1.48855,1.774518,1.8503,1.842221,1.70736,1.773845,1.701599,1.911001,1.460442,1.949143,1.130274,1.622754,1.95456,1.983839,1.977702,1.566482
2021-11-12 23:22:00,2021-11-12 15:22:00,1.605072,1.611099,1.67501,2.171342,1.60151,1.647384,1.543327,1.856847,1.766483,1.682021,1.119657,2.043105,1.874628,1.887827,1.760775,1.584232
2021-11-12 23:42:00,2021-11-12 15:42:00,1.581462,1.804845,1.718494,1.951526,1.55972,1.2969,1.420803,1.814787,1.600593,1.680725,1.081524,1.55735,1.802286,1.910728,1.66485,1.25369
2021-11-13 00:02:00,2021-11-12 16:02:00,1.571486,1.8762,1.664392,1.789456,1.675219,1.546034,1.554163,2.029479,1.631927,1.947038,1.579062,1.943673,2.058753,1.902525,2.203142,1.227758
2021-11-13 00:22:00,2021-11-12 16:22:00,1.733429,1.705814,1.865298,1.884688,1.497758,1.491291,1.390985,1.940775,1.720688,1.569986,1.74262,1.700025,1.632838,2.075345,2.062534,1.117099
2021-11-13 00:42:00,2021-11-12 16:42:00,1.538023,1.674839,1.64395,1.962089,1.357729,1.466256,1.546353,1.827106,1.593494,1.613141,1.604252,1.640234,1.981147,1.89948,1.640525,1.738826
2021-11-13 01:02:00,2021-11-12 17:02:00,1.571694,1.68169,1.723752,2.175296,1.206792,1.442409,1.584378,1.718188,1.383346,1.84225,1.487702,1.746591,1.753839,1.942997,1.658142,1.560318
2021-11-13 01:22:00,2021-11-12 17:22:00,1.501111,1.574224,1.919796,2.096457,1.063136,1.413917,1.426639,1.916479,1.174348,1.763577,1.578064,1.700553,1.739992,2.069395,2.021631,1.60813
2021-11-13 01:42:00,2021-11-12 17:42:00,1.520972,1.552587,1.743272,1.741669,1.007265,1.543404,1.491007,1.833556,1.045323,1.535456,1.3435,1.411093,2.101185,1.965545,1.980213,1.889473
2021-11-13 02:02:00,2021-11-12 18:02:00,1.398895,1.703656,1.551987,1.581223,1.354782,1.533499,1.381084,1.709924,1.009879,1.514695,1.213545,1.521493,2.062056,1.963196,1.865363,1.738546
2021-11-13 02:22:00,2021-11-12 18:22:00,1.811139,1.662468,1.33444,1.675007,1.625746,1.421695,1.650311,1.900683,0.9542836,1.405729,1.450279,1.426732,1.629621,1.742127,1.680144,1.695023
2021-11-13 02:42:00,2021-11-12 18:42:00,1.416025,1.919853,1.453744,1.508199,1.510827,1.322968,1.325645,1.822555,1.078999,1.287483,1.519886,1.411327,1.883631,2.154114,1.715796,1.621817
2021-11-13 03:02:00,2021-11-12 19:02:00,1.397428,1.466906,1.596625,1.539809,1.43348,1.277974,1.511915,1.755861,1.476701,1.306595,1.522496,1.095866,1.61784,1.938295,1.620071,1.573797
2021-11-13 03:22:00,2021-11-12 19:22:00,1.163613,1.540558,1.377668,1.225321,1.474863,1.130078,1.574552,1.7963,1.464752,1.231241,1.12251,0.9657599,1.46347,1.9647,1.292963,1.68902
2021-11-13 03:42:00,2021-11-12 19:42:00,1.050164,1.574839,1.386015,1.153767,1.144121,1.024641,1.512549,1.916714,1.317211,1.196734,1.283044,0.9565005,1.320311,1.735749,1.160406,1.588012
2021-11-13 04:02:00,2021-11-12 20:02:00,1.000016,1.411051,1.333117,1.023141,0.9706127,0.9522414,1.137754,1.744797,1.269439,1.144225,1.043519,1.019141,1.143686,1.89388,1.294334,1.448419
2021-11-13 04:22:00,2021-11-12 20:22:00,0.980023,1.341253,1.197788,0.9905308,0.918506,0.9504377,1.606595,1.689864,1.468559,1.106755,0.9785467,1.473464,1.124541,1.950037,1.175588,1.273904
2021-11-13 04:42:00,2021-11-12 20:42:00,1.202788,1.460153,1.064302,1.072353,0.8537498,0.9140545,1.233696,1.559209,1.098962,0.992963,0.9271728,1.235638,1.039989,1.92202,1.152332,1.296909
2021-11-13 05:02:00,2021-11-12 21:02:00,1.053128,1.396916,1.023518,1.106463,0.8908883,0.8843127,1.136948,1.28451,0.9582908,0.9846029,0.8840055,1.040651,1.032462,1.773106,1.283051,1.115785
2021-11-13 05:22:00,2021-11-12 21:22:00,1.064724,1.18289,0.9739786,1.017042,0.8799292,0.9001445,1.325099,1.100914,0.9311728,1.14346,0.9540072,0.9337016,1.011832,1.77985,1.574531,1.040156
2021-11-13 05:42:00,2021-11-12 21:42:00,1.007831,1.062543,0.9804113,0.9995271,0.9919052,0.9646205,1.084026,1.121048,0.8337365,1.607792,0.9125903,0.9059584,1.042238,1.84927,1.544231,0.9907645
2021-11-13 06:02:00,2021-11-12 22:02:00,0.8876355,1.093677,0.9822756,0.958069,1.343166,1.043879,1.499282,1.072918,0.8116513,1.341682,0.8646265,0.922554,0.9980725,1.835043,1.765841,0.9408218
2021-11-13 06:22:00,2021-11-12 22:22:00,0.8764918,1.500983,0.9878749,1.037296,1.158695,0.9458144,1.390789,1.115632,0.8448306,1.521282,0.872319,0.9035577,0.9699346,1.495998,1.472932,0.9450797
2021-11-13 06:42:00,2021-11-12 22:42:00,0.8453658,1.470678,0.9567196,0.9932197,0.9938014,0.8486996,1.281218,1.629932,0.9958685,1.533571,0.9140283,0.8821594,1.265068,1.691316,1.745651,0.9215923
2021-11-13 07:02:00,2021-11-12 23:02:00,0.8302705,1.303841,0.9294559,0.9627349,0.8546585,0.8512694,1.083476,1.349067,0.9136611,1.365364,0.888649,1.213747,1.344254,1.575634,1.44929,0.8968168
2021-11-13 07:22:00,2021-11-12 23:22:00,0.9907709,1.244599,0.9131067,1.511424,0.8359423,0.8619825,1.331731,1.524776,0.9044133,1.525622,1.013586,1.424746,1.522259,1.468654,1.557085,0.8857893
2021-11-13 07:42:00,2021-11-12 23:42:00,1.091025,1.072763,1.047924,1.397233,0.7764465,1.176422,1.142947,1.267427,0.8738405,1.158339,1.186268,1.300763,1.270698,1.371816,1.159951,0.8302096
2021-11-13 08:02:00,2021-11-13 00:02:00,1.126721,0.9906247,1.301653,1.630815,0.8094711,1.243988,1.13549,1.216423,1.217921,1.056081,1.324344,1.518865,1.215243,1.142177,1.081982,0.9502169
2021-11-13 08:22:00,2021-11-13 00:22:00,1.059817,0.9666801,1.149746,1.33328,0.7805803,1.166928,1.363945,1.180088,1.152624,0.9843019,1.324324,1.483497,1.253573,1.049356,0.979618,1.190887
2021-11-13 08:42:00,2021-11-13 00:42:00,1.102408,0.9520559,1.469318,1.199656,0.93001,1.294301,1.121209,1.034985,0.8333159,0.9373285,1.305063,1.360672,1.105723,1.003192,0.9930082,1.323995
2021-11-13 09:02:00,2021-11-13 01:02:00,1.366607,0.9079755,1.31155,1.145864,1.1881,1.134048,0.9523303,0.9774286,1.188031,0.8563151,1.375909,1.594274,0.9976574,0.9894865,0.972384,1.158673
2021-11-13 09:22:00,2021-11-13 01:22:00,1.339286,0.9397048,1.336007,1.437221,1.185517,1.236027,0.9202062,0.9665325,1.460696,0.905416,1.365197,1.29312,0.9670995,1.01732,0.9213857,1.128703
2021-11-13 09:42:00,2021-11-13 01:42:00,1.075424,0.8998847,1.45585,1.566008,1.103121,1.344407,0.9177324,0.9833077,1.342526,0.8860589,1.338203,1.282674,0.8971947,1.089438,1.044475,1.036872
2021-11-13 10:02:00,2021-11-13 02:02:00,1.251764,0.8656265,1.057253,1.555908,0.8395476,1.095319,0.8733783,0.9649589,1.311649,0.8585775,1.08468,1.109872,0.9288213,1.051915,1.189632,0.9376901
2021-11-13 10:22:00,2021-11-13 02:22:00,1.020563,0.8812722,1.0924,1.458397,0.7529495,1.087628,0.8401909,0.8810142,1.368554,0.7771405,0.9598077,1.03274,0.9790635,0.9927989,1.159163,0.8986054
2021-11-13 10:42:00,2021-11-13 02:42:00,0.8917024,1.088702,0.9863634,1.274018,0.7133223,1.157947,1.076228,0.9416266,1.209574,0.9095886,0.9584569,1.024611,0.8834595,0.9223948,1.039051,0.819661
2021-11-13 11:02:00,2021-11-13 03:02:00,0.9438803,1.227124,0.9647008,1.166602,0.7108691,0.9662148,1.080526,1.167765,1.113923,1.098709,0.8802932,1.021677,0.8798866,0.9025275,0.9931719,0.8425218
2021-11-13 11:22:00,2021-11-13 03:22:00,0.8624622,1.241582,0.9905749,1.06103,0.717208,0.9129706,0.9180748,1.252911,1.031395,1.21007,1.051797,1.089807,0.9240836,0.9053137,0.9708036,0.8542463
2021-11-13 11:42:00,2021-11-13 03:42:00,0.9588142,1.236392,0.9670166,1.112707,0.7539445,1.011401,0.9183831,1.290317,0.962699,1.166855,1.293029,1.041807,1.051334,0.9009179,1.014927,0.9949663
2021-11-13 12:02:00,2021-11-13 04:02:00,1.138039,1.056435,0.9307929,1.284079,1.067669,0.9796059,0.7899957,1.06661,0.836259,1.093191,1.13075,0.9963745,1.065444,1.160249,0.9942236,1.23516
2021-11-13 12:22:00,2021-11-13 04:22:00,1.172659,1.010213,1.020008,1.49742,1.073204,0.8618395,0.8128382,1.072611,0.8510109,1.081497,0.8675815,0.9475838,0.9601505,1.102696,0.9446542,1.138025
2021-11-13 12:42:00,2021-11-13 04:42:00,0.9652053,1.003159,1.220825,1.271202,1.020383,0.8374634,0.8507333,0.9293385,1.030084,0.9052252,0.8706858,0.8841398,0.9511916,1.006369,0.8965469,1.150401
2021-11-13 13:02:00,2021-11-13 05:02:00,0.9419148,0.9614623,1.157524,1.156571,0.8853281,0.8184613,0.7937307,0.8919229,0.8769043,0.90186,0.8508987,0.9827073,0.8538538,0.946525,0.8743836,1.054413
2021-11-13 13:22:00,2021-11-13 05:22:00,0.9290037,1.006778,1.129436,1.10083,0.7705492,0.8791562,0.8294687,0.8630267,0.9416392,0.9638151,0.8201475,1.299244,0.8605368,0.9036697,0.8968526,0.9703951
2021-11-13 13:42:00,2021-11-13 05:42:00,0.9744856,0.927924,1.077651,1.014971,0.7436016,0.9483631,0.758112,0.8705461,0.8990945,0.9007205,0.8641877,1.174518,1.053842,0.9035782,0.9133321,0.9562537
2021-11-13 14:02:00,2021-11-13 06:02:00,0.8871803,0.8634475,0.9194214,0.9668809,0.718253,1.285645,0.7668215,0.8624672,0.8671098,1.169867,1.30436,1.13326,1.200193,1.00015,0.8307482,0.8665509
2021-11-13 14:22:00,2021-11-13 06:22:00,1.150595,0.8802055,0.8629294,1.075422,0.7341235,0.9465517,1.123745,0.9083728,0.7410174,1.158643,1.186979,0.9549987,1.125957,1.127795,0.8745002,0.8776699
2021-11-13 14:42:00,2021-11-13 06:42:00,0.9333799,1.221189,0.8732845,1.418962,0.7110724,0.9091918,1.111497,0.8879175,0.7906677,1.014663,1.030074,0.8940697,1.039852,1.04336,0.8662335,0.9983725
2021-11-13 15:02:00,2021-11-13 07:02:00,0.8809793,1.233541,0.8503997,1.332202,0.7934069,0.8507761,1.0894,0.8582948,1.098925,1.111761,0.9622649,0.8343261,0.9701655,0.9568362,0.948084,1.085843
2021-11-13 15:22:00,2021-11-13 07:22:00,0.8100521,1.195914,0.8065137,1.303046,0.7014652,0.7795804,1.005806,0.842853,0.9611247,0.9411381,0.8764015,0.8585974,0.9215719,0.9234928,1.274472,0.929966
2021-11-13 15:42:00,2021-11-13 07:42:00,0.793047,1.048905,0.7918691,1.232639,0.6571146,0.8235253,0.8283793,0.8472581,0.8252481,1.120948,0.8699567,0.8031162,0.839314,0.8792317,1.170796,0.7975593
2021-11-13 16:02:00,2021-11-13 08:02:00,0.8028848,0.9945859,0.8978956,1.127969,0.7210654,0.9183328,0.7793588,1.033991,0.7738158,0.9537132,0.8534058,0.8927401,0.8977545,0.9322133,1.167492,0.7315851
2021-11-13 16:22:00,2021-11-13 08:22:00,0.7932465,0.9389085,1.152474,1.103335,1.08926,1.231517,0.8060425,1.185394,0.7708445,0.9089775,0.6853164,1.324142,0.8694202,1.230916,0.9902581,0.742449
2021-11-13 16:42:00,2021-11-13 08:42:00,0.7971136,0.9437397,0.9471503,1.087741,1.069691,1.011139,0.8122728,1.123296,0.7658376,0.921275,1.220956,1.407769,0.8837588,1.122765,0.9051424,0.9557531
2021-11-13 17:02:00,2021-11-13 09:02:00,1.178807,0.9393532,0.8093677,1.069066,0.852408,0.8910037,0.7424657,1.051073,1.138987,0.8382438,1.19689,1.054086,0.8500316,1.016186,0.8757649,0.9067897
2021-11-13 17:22:00,2021-11-13 09:22:00,1.528913,0.9293717,0.8027904,0.9724788,0.7605172,0.8566383,0.8877934,0.9851317,1.062552,0.8596137,1.110069,0.9785405,0.9754793,1.016695,0.9672002,0.7763873
2021-11-13 17:42:00,2021-11-13 09:42:00,1.143606,0.9201615,0.7631668,1.093451,0.9286824,1.215473,0.8741632,1.002717,1.0127,0.7960222,0.9660046,0.9314738,1.064348,1.009595,0.9465097,0.7468529
2021-11-13 18:02:00,2021-11-13 10:02:00,1.017377,0.9277457,0.8109337,1.232285,1.190186,1.429224,0.8205904,0.9778212,0.9128429,0.9881519,0.9805505,1.000583,1.19736,0.9703607,0.9010159,1.002261
2021-11-13 18:22:00,2021-11-13 10:22:00,0.8668734,1.27803,0.7855479,1.125485,1.284187,1.561734,0.8639941,0.9311885,0.9558188,1.18807,1.348459,1.383139,1.0709,0.9731104,0.8633446,1.309899
2021-11-13 18:42:00,2021-11-13 10:42:00,0.9890226,1.405206,1.298172,1.481088,0.8735504,1.463144,1.108103,0.9425352,0.9519015,1.127242,1.214641,1.625868,0.9233616,1.17644,0.9922823,1.519941
2021-11-13 19:02:00,2021-11-13 11:02:00,1.458125,1.347203,1.543958,1.958637,0.9300945,1.433089,0.9249082,1.130576,1.341281,1.135792,1.119882,1.604864,1.234016,1.022196,1.183541,1.478099
2021-11-13 19:22:00,2021-11-13 11:22:00,1.463736,1.221102,1.569389,1.99117,1.485376,1.635988,1.334441,1.455848,1.531842,1.564004,1.15139,1.348927,1.528183,1.425411,1.470444,1.440827
2021-11-13 19:42:00,2021-11-13 11:42:00,1.769892,1.832423,1.652465,2.035891,1.751028,1.670147,1.491878,1.632187,1.706031,1.889446,1.789189,1.564496,1.896926,1.897888,1.487588,1.575268
2021-11-13 20:02:00,2021-11-13 12:02:00,1.635239,1.892313,1.521668,1.9599,1.553854,1.710191,1.401474,1.560907,1.554878,1.806272,1.75888,1.821876,1.774076,1.820359,1.694202,1.462104
2021-11-13 20:22:00,2021-11-13 12:22:00,1.787647,1.983409,1.625863,1.838369,1.514835,1.251118,1.465961,1.538699,1.659184,1.918902,1.728315,1.942546,1.779729,1.873157,1.559636,1.647129
2021-11-13 20:42:00,2021-11-13 12:42:00,1.544081,2.032622,1.663409,2.01825,1.338433,1.338262,1.481574,1.640772,1.52278,1.964825,1.749889,1.858115,1.65161,1.810043,1.859865,1.724934
2021-11-13 21:02:00,2021-11-13 13:02:00,1.618326,1.689895,1.500979,1.857219,1.593637,1.758988,1.4567,1.833633,1.577196,1.742123,1.486995,1.931949,1.752179,1.764994,1.718246,1.52937
2021-11-13 21:22:00,2021-11-13 13:22:00,1.62873,1.882699,1.730442,1.860161,1.664397,1.761631,1.49145,1.81649,1.738443,1.625539,1.390308,1.89873,1.991373,1.926079,1.798603,1.744604
2021-11-13 21:42:00,2021-11-13 13:42:00,1.803581,1.748061,1.694044,2.0506,1.291468,1.788154,1.541568,1.591466,1.652383,1.54708,1.634544,1.870438,1.99496,1.845715,1.593174,1.605784
2021-11-13 22:02:00,2021-11-13 14:02:00,1.840977,1.584704,1.53227,1.841869,1.639687,1.645613,1.53575,1.433197,1.579714,1.805074,1.706835,1.879027,1.834617,1.912232,1.834646,1.641326
2021-11-13 22:22:00,2021-11-13 14:22:00,1.783729,1.806519,1.804657,1.891539,1.874244,1.82252,1.465076,1.250956,1.684031,1.895943,1.53435,1.888683,1.76949,1.904003,1.663641,1.466314
2021-11-13 22:42:00,2021-11-13 14:42:00,1.470887,1.633867,1.651157,1.885071,1.791913,1.862579,1.486364,1.126803,1.572714,1.657841,1.715223,1.826442,1.613653,1.714812,1.916813,1.648655
2021-11-13 23:02:00,2021-11-13 15:02:00,1.795999,1.886562,1.803841,2.120357,1.566262,1.719198,1.473206,1.12323,1.564352,1.93971,1.705146,1.851467,2.125911,1.834859,1.649413,1.553341
2021-11-13 23:22:00,2021-11-13 15:22:00,1.593902,1.827751,1.673028,2.032658,1.839543,1.553953,1.439198,1.311153,1.763475,1.760609,1.556124,2.01701,2.064404,1.962862,1.701096,1.392397
2021-11-13 23:42:00,2021-11-13 15:42:00,1.522237,1.829417,1.738152,1.950548,1.798623,1.373919,1.517568,1.944685,1.629459,1.601593,1.555281,1.733817,1.981549,1.761598,1.998541,1.425643
2021-11-14 00:02:00,2021-11-13 16:02:00,1.647291,1.937304,1.676789,2.00533,1.513061,1.226914,1.525819,1.70234,1.699836,1.769409,1.708096,1.876811,1.584561,2.032097,1.969401,1.311062
2021-11-14 00:22:00,2021-11-13 16:22:00,1.602189,1.640014,1.635694,1.833447,1.619443,1.172503,1.511856,1.858852,1.63547,1.623505,1.552356,1.752429,1.836668,1.789784,1.807945,1.094682
2021-11-14 00:42:00,2021-11-13 16:42:00,1.455588,1.721103,1.605706,1.829532,1.476906,1.238124,1.445264,1.84906,1.69652,1.696174,1.577715,1.892633,1.879607,2.004572,1.794762,1.043594
2021-11-14 01:02:00,2021-11-13 17:02:00,1.653165,2.084953,1.609027,2.043191,1.65613,1.662643,1.484763,1.975118,1.619178,1.702376,1.804209,1.750312,1.924077,1.937925,1.875448,0.9897233
2021-11-14 01:22:00,2021-11-13 17:22:00,1.779199,2.033615,1.741079,1.998843,1.601942,1.631605,1.474709,1.773367,1.66818,2.017881,1.508404,1.832864,1.863043,1.927023,1.481879,1.02432
2021-11-14 01:42:00,2021-11-13 17:42:00,1.595792,1.806133,1.795441,1.87023,1.408871,1.602853,1.400863,1.92581,1.59133,1.72105,1.487037,1.804317,1.77148,1.81017,2.031063,1.196805
2021-11-14 02:02:00,2021-11-13 18:02:00,1.428849,2.003146,1.394804,1.799219,1.278742,1.526023,1.44025,1.574551,1.490055,1.511397,1.606,1.627746,1.618193,1.917686,1.818986,1.871938
2021-11-14 02:22:00,2021-11-13 18:22:00,1.49664,1.83318,1.542893,2.039312,1.541023,1.499961,1.392855,1.847866,1.421765,1.78721,1.54144,1.622785,1.929311,1.837924,2.024106,1.642478
2021-11-14 02:42:00,2021-11-13 18:42:00,1.419343,2.015763,1.636582,1.885985,1.47579,1.426253,1.49187,1.699304,1.408033,1.436304,1.255113,1.862319,1.769114,1.882853,1.989887,1.643702
2021-11-14 03:02:00,2021-11-13 19:02:00,1.191412,1.972745,1.60794,1.918164,1.150309,1.463657,1.37517,1.694878,1.498866,1.664311,1.224683,1.82591,1.97857,1.793079,1.847187,1.364066
2021-11-14 03:22:00,2021-11-13 19:22:00,1.053555,1.682289,1.56816,1.890381,1.327994,1.620204,1.528634,1.67939,1.581411,1.555307,1.156777,1.668057,1.521956,1.683851,1.57049,1.445722
2021-11-14 03:42:00,2021-11-13 19:42:00,1.031482,1.764278,1.630472,1.829668,1.070065,1.298833,1.473262,1.641263,1.452416,1.545516,1.072438,1.830852,1.55077,1.586246,1.848715,1.358148
2021-11-14 04:02:00,2021-11-13 20:02:00,1.038677,1.879522,1.455557,1.776791,0.9801116,1.153513,1.367675,1.809927,1.550735,1.474418,0.9833107,1.65038,1.479063,1.506139,1.847347,1.443531
2021-11-14 04:22:00,2021-11-13 20:22:00,0.9950203,1.688654,1.137532,1.492787,0.8594787,1.021038,1.33148,1.755598,1.411006,1.199239,0.9453013,1.595439,1.431407,1.220522,1.747967,1.566403
2021-11-14 04:42:00,2021-11-13 20:42:00,0.9533243,1.559618,1.033379,1.656557,0.8398823,1.029839,1.320275,1.751979,1.434538,1.28952,1.004606,1.58628,1.333416,1.089603,1.894051,1.434593
2021-11-14 05:02:00,2021-11-13 21:02:00,1.431868,1.484013,0.9772223,1.84294,0.8330601,0.9502229,1.46275,1.833218,1.4543,1.141253,1.348053,1.511518,1.172376,0.9439096,1.863626,1.322749
2021-11-14 05:22:00,2021-11-13 21:22:00,1.837209,1.552929,0.9599946,1.591511,0.889929,0.9236143,1.350067,1.587163,1.373482,1.034903,1.468424,1.292288,1.136717,0.9286302,1.690611,1.380944
2021-11-14 05:42:00,2021-11-13 21:42:00,1.425686,1.51267,0.9374575,1.52486,0.8164074,0.9734227,1.406312,1.742661,1.378348,0.9795818,1.391062,1.500892,1.11186,0.9501438,1.955144,1.146233
2021-11-14 06:02:00,2021-11-13 22:02:00,1.235424,1.352281,1.016995,1.526433,0.7848067,0.8972336,1.407457,1.824314,1.326888,1.056393,1.340078,1.582456,1.120714,1.009091,1.838211,1.00967
2021-11-14 06:22:00,2021-11-13 22:22:00,1.128915,1.58069,0.9813133,1.737871,0.7765415,0.9483699,1.416671,1.584879,1.467493,1.047835,1.163205,1.424386,1.102563,1.032147,1.766824,1.002127
2021-11-14 06:42:00,2021-11-13 22:42:00,1.445332,1.488436,0.8946266,1.270905,0.7873115,0.8400123,1.35809,1.690338,1.381622,1.401208,0.9691877,1.352836,1.29161,1.111852,1.466283,0.8618386
2021-11-14 07:02:00,2021-11-13 23:02:00,1.293599,1.343418,0.9010478,1.244615,0.7903822,0.9036547,1.321356,1.501801,1.244595,1.331875,0.967968,1.330944,1.450198,1.535949,1.652953,0.868875
2021-11-14 07:22:00,2021-11-13 23:22:00,1.279087,1.330999,1.238449,1.405553,0.779781,0.8902228,1.328003,1.444345,1.117208,1.450903,0.9560562,1.255574,1.375452,1.634777,1.71076,0.8235827
2021-11-14 07:42:00,2021-11-13 23:42:00,1.024053,1.159223,1.229928,1.289127,0.7084181,1.047003,1.089092,1.342408,1.285383,1.258608,1.123275,1.26043,1.263973,1.341634,1.491837,0.7986228
2021-11-14 08:02:00,2021-11-14 00:02:00,0.9190999,1.074506,1.208459,1.30672,0.7577453,1.376546,1.274962,1.279392,1.290467,1.146857,1.413658,1.160644,1.250347,1.327094,1.311412,0.8338051
2021-11-14 08:22:00,2021-11-14 00:22:00,0.888265,1.032988,1.242572,1.284804,0.79592,1.16321,1.121678,1.165309,1.182393,0.9916462,1.435872,1.112669,1.15869,1.1893,1.215617,0.8208769
2021-11-14 08:42:00,2021-11-14 00:42:00,0.9825444,1.013494,1.40758,1.128631,0.7444451,1.330379,1.008222,1.029694,1.071296,0.9565677,1.374686,1.266306,1.049816,0.9805886,1.133446,0.8444713
2021-11-14 09:02:00,2021-11-14 01:02:00,1.260356,1.022896,1.161,1.115442,1.030893,1.284892,1.049729,0.9952006,0.9103346,0.9357764,1.289898,1.20713,0.9902244,0.9183204,1.028805,1.199327
2021-11-14 09:22:00,2021-11-14 01:22:00,1.123428,0.9787695,1.211347,1.027096,0.9512521,1.28163,0.9106629,0.9494032,0.9674472,0.9752454,1.334564,1.153242,0.9193944,0.8764156,1.029546,1.016628
2021-11-14 09:42:00,2021-11-14 01:42:00,0.8935196,0.9194154,1.157889,0.9411932,1.111425,1.250498,0.8480601,0.8692835,0.9439008,0.8586744,1.166331,1.201479,0.9097105,1.33974,1.018935,1.069817
