Cage,Event,StartDate,StartTime,EndDate,EndTime,InterIn_min,In_min,In_g,In_g_min,InF_g_min,Stud_t,Prob,Accum_g
1,1,2021/08/08,16:55:47,2021/08/08,17:08:02,0,12.27,0.139,0.011,4262.21,303.21,0,0.139
1,2,2021/08/08,17:15:48,2021/08/08,18:10:06,7.77,54.32,0.436,0.008,18815.73,764.63,0,0.575
1,3,2021/08/08,18:20:39,2021/08/08,18:30:50,10.55,10.2,0.041,0.004,3513.81,94.03,0,0.616
1,4,2021/08/08,19:02:32,2021/08/08,19:13:02,31.7,10.52,0.329,0.031,3657.16,794.13,0,0.945
1,5,2021/08/08,19:19:32,2021/08/08,19:43:58,6.5,24.45,0.249,0.01,8426.65,585.67,0,1.194
1,6,2021/08/08,20:52:01,2021/08/08,21:12:40,68.05,20.67,0.373,0.018,7130.27,720.52,0,1.567
1,7,2021/08/08,21:19:50,2021/08/08,21:36:41,7.17,16.87,0.124,0.007,5789.33,255.69,0,1.691
1,8,2021/08/08,21:42:36,2021/08/08,21:45:11,5.92,2.6,0.139,0.053,901.31,272.1,0,1.829
1,9,2021/08/08,21:49:00,2021/08/08,21:52:04,3.82,3.08,0.022,0.007,1049.47,61.44,0,1.851
1,10,2021/08/08,21:58:21,2021/08/08,22:00:37,6.28,2.28,0.032,0.014,778.71,26.26,0,1.883
1,11,2021/08/08,23:35:17,2021/08/08,23:48:17,94.67,13.02,0.24,0.018,4492.48,527.83,0,2.123
1,12,2021/08/08,23:59:41,2021/08/09,00:04:12,11.4,4.53,0.016,0.004,1562.93,37.53,0,2.14
1,13,2021/08/09,01:03:34,2021/08/09,01:25:00,59.37,21.45,0.386,0.018,7392.42,764.03,0,2.526
1,14,2021/08/09,02:40:48,2021/08/09,02:50:39,75.8,9.87,0.28,0.028,3395.55,814.93,0,2.806
1,15,2021/08/09,02:53:15,2021/08/09,02:54:53,2.6,1.65,0.025,0.015,565.08,46.99,0,2.83
1,16,2021/08/09,03:40:51,2021/08/09,03:54:06,45.97,13.27,0.135,0.01,4578.54,311.97,0,2.966
1,17,2021/08/09,03:56:56,2021/08/09,04:03:07,2.83,6.2,0.071,0.011,2123.27,146.41,0,3.037
1,18,2021/08/09,04:35:16,2021/08/09,04:38:04,32.15,2.82,0.062,0.022,965.13,159.56,0,3.099
1,19,2021/08/09,05:01:48,2021/08/09,05:15:46,23.73,13.98,0.033,0.002,4777.54,70.23,0,3.132
1,20,2021/08/09,05:18:42,2021/08/09,05:24:05,2.93,5.4,0.053,0.01,1849.94,160.08,0,3.184
1,21,2021/08/09,05:34:35,2021/08/09,05:39:44,10.5,5.17,0.054,0.01,1774.55,90.77,0,3.239
1,22,2021/08/09,05:43:47,2021/08/09,05:46:14,4.05,2.47,0.025,0.01,837.64,51.94,0,3.264
1,23,2021/08/09,05:49:00,2021/08/09,05:51:53,2.77,2.9,0.017,0.006,982.95,44.13,0,3.28
1,24,2021/08/09,05:54:34,2021/08/09,06:06:36,2.68,12.05,0.093,0.008,4118.6,127.03,0,3.373
1,25,2021/08/09,08:34:02,2021/08/09,08:34:34,147.43,0.55,0.009,0.016,181.62,23.54,0,3.382
1,26,2021/08/09,08:39:00,2021/08/09,08:41:32,4.43,2.55,0.005,0.002,862.68,10.02,0,3.387
1,27,2021/08/09,11:34:57,2021/08/09,11:39:50,173.42,4.9,0.074,0.015,1677.36,166.49,0,3.46
1,28,2021/08/09,11:54:39,2021/08/09,12:02:24,14.82,7.77,0.102,0.013,2656.22,169.66,0,3.562
1,29,2021/08/09,12:05:01,2021/08/09,12:11:06,2.62,6.1,0.055,0.009,2074.35,181.28,0,3.617
1,30,2021/08/09,14:06:39,2021/08/09,14:09:54,115.55,3.27,0.028,0.008,1111.2,53.59,0,3.645
1,31,2021/08/09,15:01:16,2021/08/09,15:09:58,51.37,8.72,0.158,0.018,2990.06,428.22,0,3.804
1,32,2021/08/09,15:51:48,2021/08/09,15:54:05,41.83,2.3,0.099,0.043,786.44,250.33,0,3.902
1,33,2021/08/09,16:12:55,2021/08/09,16:15:52,18.83,2.97,0.044,0.015,1014.01,84.22,0,3.946
1,34,2021/08/09,16:35:01,2021/08/09,16:36:54,19.15,1.9,0.092,0.048,648.03,185.68,0,4.038
1,35,2021/08/09,16:43:05,2021/08/09,16:57:29,6.18,14.42,0.118,0.008,4926.09,296.99,0,4.155
1,36,2021/08/09,17:02:17,2021/08/09,17:16:52,4.8,14.6,0.658,0.045,4983.35,1617,0,4.814
1,37,2021/08/09,17:48:13,2021/08/09,18:28:26,31.35,40.23,0.46,0.011,13725.88,1349.95,0,5.274
1,38,2021/08/09,18:31:07,2021/08/09,18:33:46,2.68,2.67,0.03,0.011,900.66,62.01,0,5.304
1,39,2021/08/09,18:38:00,2021/08/09,18:47:09,4.23,9.17,0.162,0.018,3135.62,277.85,0,5.465
1,40,2021/08/09,18:52:02,2021/08/09,19:06:04,4.88,14.05,0.227,0.016,4778.86,238.31,0,5.692
1,41,2021/08/09,19:14:05,2021/08/09,19:16:06,8.02,2.03,0.07,0.034,685.13,179.46,0,5.762
1,42,2021/08/09,19:49:19,2021/08/09,19:50:15,33.22,0.95,0.02,0.021,318.96,35.25,0,5.782
1,43,2021/08/09,20:00:29,2021/08/09,20:02:32,10.23,2.07,0.007,0.003,693.26,14.87,0,5.789
1,44,2021/08/09,20:06:08,2021/08/09,20:06:57,3.6,0.83,0.004,0.005,277.83,7.24,0,5.793
1,45,2021/08/09,20:11:49,2021/08/09,20:25:32,4.87,13.73,0.159,0.012,4654.69,435.02,0,5.953
1,46,2021/08/09,20:47:54,2021/08/09,21:08:47,22.37,20.9,0.086,0.004,7081.5,241.66,0,6.039
1,47,2021/08/09,21:11:53,2021/08/09,21:23:40,3.1,11.8,0.059,0.005,3999.01,153.3,0,6.097
1,48,2021/08/09,21:39:20,2021/08/09,21:45:19,15.67,6,0.016,0.003,2029.41,16.29,0,6.113
1,49,2021/08/09,22:41:36,2021/08/09,22:45:59,56.28,4.4,0.038,0.009,1493.02,91.96,0,6.151
1,50,2021/08/09,23:38:07,2021/08/09,23:58:53,52.13,20.78,0.264,0.013,7074.87,860.72,0,6.415
1,51,2021/08/10,00:01:57,2021/08/10,00:03:46,3.07,1.83,0.059,0.032,622.66,73.79,0,6.474
1,52,2021/08/10,00:06:51,2021/08/10,00:10:00,3.08,3.17,0.041,0.013,1068.41,92.14,0,6.514
1,53,2021/08/10,00:13:57,2021/08/10,00:22:00,3.95,8.07,0.134,0.017,2741.26,240.24,0,6.648
1,54,2021/08/10,00:29:29,2021/08/10,00:33:58,7.48,4.5,0.02,0.005,1529.91,9.1,0,6.669
1,55,2021/08/10,00:54:53,2021/08/10,00:58:56,20.92,4.07,0.052,0.013,1378.52,128.38,0,6.72
1,56,2021/08/10,02:04:48,2021/08/10,02:13:45,65.87,8.97,0.216,0.024,3055.67,752.37,0,6.936
1,57,2021/08/10,02:56:38,2021/08/10,03:03:19,42.88,6.7,0.035,0.005,2276.59,73.94,0,6.971
1,58,2021/08/10,03:41:05,2021/08/10,03:51:36,37.77,10.53,0.122,0.012,3574.33,258.39,0,7.093
1,59,2021/08/10,04:24:42,2021/08/10,04:40:25,33.1,15.73,0.131,0.008,5332.93,448.08,0,7.224
1,60,2021/08/10,04:49:24,2021/08/10,04:56:32,8.98,7.15,0.127,0.018,2417.23,331.16,0,7.351
1,61,2021/08/10,05:59:13,2021/08/10,06:10:08,62.68,10.93,0.047,0.004,3696.89,73.46,0,7.398
1,62,2021/08/10,06:15:32,2021/08/10,06:23:53,5.4,8.37,0.136,0.016,2840.43,261.46,0,7.534
1,63,2021/08/10,06:26:55,2021/08/10,06:27:30,3.03,0.6,0.017,0.028,197.18,41.2,0,7.551
1,64,2021/08/10,06:38:30,2021/08/10,06:40:57,11,2.47,0.011,0.004,823.31,27.09,0,7.561
1,65,2021/08/10,08:27:40,2021/08/10,08:54:43,106.72,27.07,0.082,0.003,9139.8,239.71,0,7.643
1,66,2021/08/10,11:22:49,2021/08/10,11:25:38,148.1,2.83,0.077,0.027,958.59,186.3,0,7.721
1,67,2021/08/10,11:34:03,2021/08/10,11:38:19,8.42,4.28,0.048,0.011,1448.67,91.67,0,7.769
2,1,2021/08/08,16:30:28,2021/08/08,16:46:18,0,15.85,0.334,0.021,6175.44,540.38,0,0.334
2,2,2021/08/08,17:03:01,2021/08/08,17:05:50,16.72,2.83,0.071,0.025,1096.97,115.46,0,0.404
2,3,2021/08/08,17:37:30,2021/08/08,17:44:56,31.67,7.45,0.208,0.028,2893.02,444.77,0,0.612
2,4,2021/08/08,18:06:39,2021/08/08,18:12:30,21.72,5.87,0.217,0.037,2271.54,891.24,0,0.829
2,5,2021/08/08,18:21:56,2021/08/08,18:32:09,9.43,10.23,0.176,0.017,3956.45,370.12,0,1.005
2,6,2021/08/08,18:46:11,2021/08/08,18:52:37,14.03,6.45,0.209,0.032,2526.31,586.46,0,1.214
2,7,2021/08/08,19:00:11,2021/08/08,19:05:31,7.57,5.35,0.151,0.028,2070.53,275.31,0,1.365
2,8,2021/08/08,19:24:39,2021/08/08,19:30:54,19.13,6.27,0.124,0.02,2423.13,231.81,0,1.489
2,9,2021/08/08,20:26:43,2021/08/08,20:28:37,55.82,1.92,0.015,0.008,733.11,59.92,0,1.504
2,10,2021/08/08,20:31:50,2021/08/08,20:40:39,3.22,8.83,0.03,0.003,3397.2,85.31,0,1.534
2,11,2021/08/08,20:53:18,2021/08/08,20:55:31,12.65,2.23,0.012,0.005,854.81,27.02,0,1.546
2,12,2021/08/08,21:37:56,2021/08/08,21:42:48,42.42,4.88,0.005,0.001,1875.13,3.26,0.006,1.551
2,13,2021/08/08,21:59:56,2021/08/08,22:03:52,17.13,3.95,0.001,0,1516.8,2.35,0.034,1.552
2,14,2021/08/08,22:09:03,2021/08/08,22:10:29,5.18,1.45,0.004,0.002,552.98,3.29,0.005,1.555
2,15,2021/08/08,22:30:03,2021/08/08,22:43:52,19.57,13.83,0.905,0.065,5377.77,1581.6,0,2.46
2,16,2021/08/08,22:46:36,2021/08/08,22:52:25,2.73,5.83,0.078,0.013,2260.06,122.96,0,2.538
2,17,2021/08/08,22:57:12,2021/08/08,23:00:55,4.78,3.73,0.006,0.002,1436.4,5.91,0,2.545
2,18,2021/08/08,23:04:45,2021/08/09,00:02:09,3.83,57.42,0.531,0.009,22180.12,1725.57,0,3.076
2,19,2021/08/09,00:11:14,2021/08/09,00:16:52,9.08,5.65,0.02,0.004,2167.87,66.69,0,3.096
2,20,2021/08/09,01:28:37,2021/08/09,01:30:43,71.75,2.12,0.001,0.001,806.94,3.73,0.002,3.097
2,21,2021/08/09,01:34:43,2021/08/09,01:36:24,4,1.7,0.008,0.005,648.13,4.74,0,3.106
2,22,2021/08/09,02:58:29,2021/08/09,03:05:49,82.08,7.35,0.002,0,2822.39,5.18,0,3.107
2,23,2021/08/09,04:30:07,2021/08/09,05:08:24,84.3,38.3,0.555,0.014,14797.88,709.45,0,3.662
2,24,2021/08/09,05:11:47,2021/08/09,05:19:12,3.38,7.43,0.141,0.019,2853.03,239.5,0,3.804
2,25,2021/08/09,05:58:49,2021/08/09,05:59:24,39.62,0.6,0.006,0.009,224.9,21.05,0,3.809
2,26,2021/08/09,16:25:56,2021/08/09,16:26:59,626.53,1.07,0.009,0.009,402.05,9.1,0,3.819
2,27,2021/08/09,16:29:47,2021/08/09,16:39:04,2.8,9.3,0.296,0.032,3618.28,765.66,0,4.115
2,28,2021/08/09,16:49:08,2021/08/09,16:51:06,10.07,1.98,0.013,0.007,755.45,26.85,0,4.128
2,29,2021/08/09,17:13:36,2021/08/09,17:17:05,22.5,3.5,0.093,0.027,1339.35,173.96,0,4.221
2,30,2021/08/09,17:35:36,2021/08/09,17:41:31,18.52,5.93,0.189,0.032,2271.1,325.7,0,4.41
2,31,2021/08/09,17:58:39,2021/08/09,18:03:24,17.13,4.77,0.127,0.027,1822.42,303.38,0,4.537
2,32,2021/08/09,18:19:33,2021/08/09,18:25:26,16.15,5.9,0.924,0.157,2254.23,1991.86,0,5.461
2,33,2021/08/09,18:41:30,2021/08/09,18:52:24,16.07,10.92,0.007,0.001,4182.26,10.88,0,5.468
2,34,2021/08/09,19:22:07,2021/08/09,19:25:17,29.72,3.18,0.017,0.005,1208.9,39.44,0,5.486
2,35,2021/08/09,20:55:55,2021/08/09,21:09:21,90.63,13.45,0.002,0,5147.09,6.46,0,5.488
2,36,2021/08/09,21:17:07,2021/08/09,21:22:14,7.77,5.13,0.01,0.002,1950.8,20.79,0,5.498
2,37,2021/08/09,22:30:07,2021/08/09,22:34:12,67.88,4.1,0.15,0.036,1581.09,272.49,0,5.648
2,38,2021/08/09,22:37:14,2021/08/09,22:38:07,3.03,0.9,0.003,0.003,338.72,6.86,0,5.651
2,39,2021/08/09,22:43:19,2021/08/09,23:01:34,5.2,18.27,0.003,0,6960.34,2.67,0.018,5.654
2,40,2021/08/09,23:13:51,2021/08/09,23:15:08,12.28,1.3,0.002,0.002,489.13,4.86,0,5.656
2,41,2021/08/09,23:33:40,2021/08/09,23:35:30,18.53,1.85,0.004,0.002,698.14,9.26,0,5.661
2,42,2021/08/10,00:21:05,2021/08/10,00:24:18,45.58,3.23,0.002,0.001,1224.84,5.47,0,5.663
2,43,2021/08/10,00:41:29,2021/08/10,00:44:39,17.18,3.18,0.003,0.001,1208.34,11.49,0,5.666
2,44,2021/08/10,00:51:31,2021/08/10,00:53:30,6.87,2,0.005,0.003,755.05,2.83,0.013,5.671
2,45,2021/08/10,01:07:38,2021/08/10,01:09:44,14.13,2.12,0.022,0.01,800.35,46.34,0,5.693
2,46,2021/08/10,02:45:04,2021/08/10,02:49:00,95.33,3.95,0.004,0.001,1505.15,3.51,0.003,5.698
2,47,2021/08/10,02:58:59,2021/08/10,02:59:32,9.98,0.57,0.004,0.006,209.47,7.03,0,5.701
2,48,2021/08/10,03:02:26,2021/08/10,03:07:27,2.9,5.03,0.009,0.002,1911.23,25.71,0,5.71
2,49,2021/08/10,03:11:17,2021/08/10,03:19:47,3.83,8.52,0.001,0,3241.01,2.27,0.04,5.712
2,50,2021/08/10,04:30:04,2021/08/10,04:51:12,70.28,21.15,0.608,0.029,8127.1,1384.1,0,6.32
2,51,2021/08/10,04:54:47,2021/08/10,05:03:53,3.58,9.12,0.127,0.014,3495.41,324.09,0,6.447
2,52,2021/08/10,05:07:08,2021/08/10,05:07:43,3.25,0.6,0.003,0.004,221.49,5.65,0,6.449
2,53,2021/08/10,05:16:04,2021/08/10,05:16:38,8.35,0.58,0.001,0.002,216.25,2.58,0.022,6.45
2,54,2021/08/10,06:11:04,2021/08/10,06:18:12,54.43,7.15,0.007,0.001,2727.35,14.09,0,6.457
2,55,2021/08/10,07:59:07,2021/08/10,08:05:51,100.92,6.75,0.007,0.001,2565.27,3.71,0.002,6.464
2,56,2021/08/10,11:44:18,2021/08/10,11:48:12,218.45,3.92,0.025,0.006,1483.89,6.27,0,6.489
3,1,2021/08/08,16:30:26,2021/08/08,16:39:37,0,9.2,0.221,0.024,3407.11,667.4,0,0.221
3,2,2021/08/08,16:43:07,2021/08/08,16:56:05,3.5,12.98,0.202,0.016,4809.4,288.75,0,0.424
3,3,2021/08/08,19:05:51,2021/08/08,19:12:14,129.77,6.4,0.024,0.004,2357.19,54.45,0,0.448
3,4,2021/08/08,19:22:41,2021/08/08,19:26:00,10.45,3.33,0.008,0.002,1233.58,8.7,0,0.456
3,5,2021/08/08,19:57:40,2021/08/08,20:16:37,31.67,18.97,0.428,0.023,7002.59,913.17,0,0.884
3,6,2021/08/08,22:30:04,2021/08/08,22:57:56,133.45,27.88,0.739,0.027,10300.42,1613.31,0,1.623
3,7,2021/08/08,23:00:33,2021/08/08,23:01:45,2.62,1.22,0.004,0.003,443.18,6.48,0,1.626
3,8,2021/08/08,23:24:44,2021/08/08,23:31:22,22.98,6.65,0.196,0.029,2449.94,377.79,0,1.822
3,9,2021/08/08,23:56:48,2021/08/09,00:02:37,25.43,5.83,0.062,0.011,2146.8,79.85,0,1.884
3,10,2021/08/09,00:30:49,2021/08/09,00:33:16,28.2,2.47,0.006,0.002,901.87,11.16,0,1.89
3,11,2021/08/09,00:45:08,2021/08/09,00:47:48,11.87,2.68,0.013,0.005,986.81,30.41,0,1.903
3,12,2021/08/09,00:58:19,2021/08/09,01:00:55,10.52,2.62,0.015,0.006,956.87,35.38,0,1.918
3,13,2021/08/09,01:04:26,2021/08/09,01:08:56,3.52,4.52,0.016,0.004,1655.64,30.64,0,1.935
3,14,2021/08/09,01:11:55,2021/08/09,01:14:33,2.98,2.65,0.012,0.005,968.65,36.54,0,1.947
3,15,2021/08/09,02:00:06,2021/08/09,02:24:46,45.55,24.68,0.486,0.02,9103.06,684.16,0,2.433
3,16,2021/08/09,02:40:48,2021/08/09,02:42:20,16.03,1.55,0.013,0.009,563.27,24.37,0,2.446
3,17,2021/08/09,03:53:40,2021/08/09,03:54:42,71.33,1.05,0.003,0.003,380.46,6.11,0,2.449
3,18,2021/08/09,04:30:02,2021/08/09,04:41:21,35.33,11.33,0.466,0.041,4164.4,1011.11,0,2.915
3,19,2021/08/09,05:22:01,2021/08/09,05:22:43,40.67,0.72,0.004,0.006,257.99,8.36,0,2.919
3,20,2021/08/09,05:44:32,2021/08/09,05:50:48,21.82,6.28,0.843,0.134,2308.64,1494.77,0,3.761
3,21,2021/08/09,07:55:48,2021/08/09,08:08:45,125,12.97,0.169,0.013,4768.51,310.59,0,3.93
3,22,2021/08/09,08:11:20,2021/08/09,08:21:37,2.58,10.3,0.274,0.027,3774.43,528.4,0,4.204
3,23,2021/08/09,08:29:45,2021/08/09,08:32:07,8.13,2.38,0.017,0.007,865.61,30.57,0,4.221
3,24,2021/08/09,08:46:53,2021/08/09,08:50:03,14.77,3.18,0.005,0.001,1157.9,12.71,0,4.225
3,25,2021/08/09,16:30:15,2021/08/09,16:44:09,460.2,13.92,0.234,0.017,5093.59,430.02,0,4.459
3,26,2021/08/09,16:49:51,2021/08/09,16:52:44,5.7,2.9,0.075,0.026,1054.94,216.57,0,4.535
3,27,2021/08/09,17:09:26,2021/08/09,17:12:05,16.7,2.67,0.048,0.018,970.98,99.82,0,4.582
3,28,2021/08/09,18:52:07,2021/08/09,18:56:51,100.03,4.75,0.01,0.002,1726.62,23.15,0,4.592
3,29,2021/08/09,20:00:02,2021/08/09,20:25:40,63.18,25.65,0.602,0.023,9369.87,1663,0,5.194
3,30,2021/08/09,22:40:24,2021/08/09,23:04:01,134.73,23.63,0.267,0.011,8614.84,462.65,0,5.461
3,31,2021/08/09,23:10:07,2021/08/09,23:13:59,6.1,3.88,0.002,0.001,1407.93,3.6,0.003,5.463
3,32,2021/08/09,23:33:27,2021/08/09,23:44:18,19.47,10.87,0.181,0.017,3953.52,409.74,0,5.644
3,33,2021/08/10,01:35:25,2021/08/10,01:36:42,111.12,1.3,0.009,0.007,467.43,18.53,0,5.653
3,34,2021/08/10,01:40:49,2021/08/10,01:42:13,4.12,1.42,0.025,0.018,515.96,7.62,0,5.679
3,35,2021/08/10,02:00:01,2021/08/10,02:12:38,17.8,12.63,0.594,0.047,4598.06,2217.9,0,6.273
3,36,2021/08/10,04:30:02,2021/08/10,04:41:21,137.4,11.33,0.451,0.04,4122.7,1126.59,0,6.724
3,37,2021/08/10,07:38:53,2021/08/10,07:39:44,177.53,0.87,0.002,0.002,308.15,2.31,0.036,6.726
3,38,2021/08/10,08:00:11,2021/08/10,08:05:04,20.45,4.9,0.846,0.173,1774.02,2482.65,0,7.573
3,39,2021/08/10,08:10:43,2021/08/10,08:11:23,5.65,0.68,0.007,0.011,242.68,19.19,0,7.58
3,40,2021/08/10,08:37:40,2021/08/10,08:38:14,26.28,0.58,0.002,0.004,205.04,4.11,0.001,7.582
4,1,2021/08/08,18:13:45,2021/08/08,18:16:00,0,2.27,0.082,0.036,838.67,167.81,0,0.082
4,2,2021/08/08,18:55:50,2021/08/08,18:59:49,39.83,4,0.036,0.009,1481.08,77.15,0,0.118
4,3,2021/08/08,19:22:39,2021/08/08,19:25:23,22.83,2.75,0.09,0.033,1019.92,292.53,0,0.208
4,4,2021/08/08,19:56:20,2021/08/08,20:02:27,30.95,6.13,0.056,0.009,2266.4,149,0,0.264
4,5,2021/08/08,20:07:01,2021/08/08,20:08:53,4.57,1.88,0.036,0.019,683.01,85.82,0,0.3
4,6,2021/08/08,20:13:18,2021/08/08,20:14:21,4.42,1.07,0.016,0.015,387.21,30.77,0,0.316
4,7,2021/08/08,20:18:19,2021/08/08,20:20:44,3.97,2.43,0.066,0.027,914.3,169.19,0,0.382
4,8,2021/08/08,20:29:53,2021/08/08,20:32:47,9.15,2.92,0.111,0.038,1080.29,184.06,0,0.493
4,9,2021/08/08,20:37:56,2021/08/08,20:39:10,5.15,1.25,0.031,0.025,465.57,84.59,0,0.524
4,10,2021/08/08,20:45:38,2021/08/08,20:48:11,6.47,2.57,0.042,0.016,950.36,69.97,0,0.565
4,11,2021/08/08,20:56:27,2021/08/08,21:14:03,8.27,17.62,0.043,0.002,6506.38,93.6,0,0.609
4,12,2021/08/08,21:23:02,2021/08/08,21:26:04,8.98,3.05,0.057,0.019,1132.71,203.26,0,0.666
4,13,2021/08/08,21:32:22,2021/08/08,21:38:28,6.3,6.12,0.086,0.014,2252.35,216.83,0,0.752
4,14,2021/08/08,21:45:52,2021/08/08,22:04:00,7.4,18.15,0.142,0.008,6659.71,74.13,0,0.894
4,15,2021/08/08,22:30:18,2021/08/08,22:39:24,26.3,9.12,0.164,0.018,3378.95,523.31,0,1.058
4,16,2021/08/08,22:46:30,2021/08/08,22:52:48,7.1,6.32,0.03,0.005,2324.72,31.82,0,1.089
4,17,2021/08/08,23:13:05,2021/08/08,23:16:22,20.28,3.3,0.066,0.02,1229.3,177.55,0,1.154
4,18,2021/08/08,23:43:06,2021/08/08,23:47:26,26.73,4.35,0.127,0.029,1600.5,242.61,0,1.282
4,19,2021/08/09,00:09:05,2021/08/09,00:14:00,21.65,4.93,0.18,0.037,1815.42,481.65,0,1.462
4,20,2021/08/09,00:18:45,2021/08/09,00:30:28,4.75,11.73,0.017,0.001,4296.7,24.12,0,1.48
4,21,2021/08/09,00:45:55,2021/08/09,00:57:40,15.45,11.77,0.087,0.007,4313.98,220.56,0,1.567
4,22,2021/08/09,01:01:05,2021/08/09,01:11:18,3.42,10.23,0.075,0.007,3746.31,166.01,0,1.642
4,23,2021/08/09,01:17:07,2021/08/09,01:19:57,5.82,2.85,0.003,0.001,1031.98,8.11,0,1.645
4,24,2021/08/09,01:22:37,2021/08/09,01:27:26,2.67,4.83,0.049,0.01,1785.18,207.03,0,1.694
4,25,2021/08/09,02:19:12,2021/08/09,02:24:58,51.77,5.78,0.033,0.006,2135.54,104.83,0,1.727
4,26,2021/08/09,02:31:23,2021/08/09,02:46:19,6.42,14.95,0.115,0.008,5480.9,426.15,0,1.842
4,27,2021/08/09,03:17:59,2021/08/09,03:20:06,31.67,2.13,0.101,0.048,784.5,268.91,0,1.943
4,28,2021/08/09,04:24:35,2021/08/09,04:29:01,64.48,4.45,0.065,0.015,1630.98,177.92,0,2.008
4,29,2021/08/09,05:23:41,2021/08/09,05:29:27,54.67,5.78,0.124,0.021,2132.5,220.81,0,2.132
4,30,2021/08/09,06:03:07,2021/08/09,06:22:25,33.67,19.32,0.177,0.009,7070.81,380.15,0,2.309
4,31,2021/08/09,06:26:41,2021/08/09,06:28:58,4.27,2.3,0.055,0.024,840.43,104.62,0,2.364
4,32,2021/08/09,06:31:39,2021/08/09,06:33:58,2.68,2.33,0.007,0.003,842.02,15.12,0,2.371
4,33,2021/08/09,06:43:06,2021/08/09,06:49:05,9.13,6,0.009,0.001,2174.93,22.1,0,2.38
4,34,2021/08/09,07:44:36,2021/08/09,07:50:43,55.52,6.13,0.088,0.014,2259.74,181.02,0,2.468
4,35,2021/08/09,07:53:45,2021/08/09,08:02:38,3.03,8.9,0.006,0.001,3242.22,20.9,0,2.474
4,36,2021/08/09,08:05:44,2021/08/09,08:12:42,3.1,6.98,0.003,0,2533.82,11.92,0,2.477
4,37,2021/08/09,08:23:51,2021/08/09,08:27:11,11.15,3.35,0.109,0.032,1241.29,238.08,0,2.586
4,38,2021/08/09,08:30:29,2021/08/09,08:37:51,3.3,7.38,0.016,0.002,2672.23,43.25,0,2.602
4,39,2021/08/09,12:09:07,2021/08/09,12:10:07,211.27,1.02,0.002,0.002,364.93,2.88,0.012,2.604
4,40,2021/08/09,14:38:30,2021/08/09,14:39:09,148.38,0.67,0.003,0.005,236.49,7.06,0,2.607
4,41,2021/08/09,16:13:43,2021/08/09,16:17:36,94.57,3.9,0.07,0.018,1431.68,171.69,0,2.678
4,42,2021/08/09,17:26:51,2021/08/09,17:31:00,69.25,4.17,0.085,0.02,1544.67,180.39,0,2.762
4,43,2021/08/09,18:40:04,2021/08/09,18:43:49,69.07,3.77,0.069,0.018,1387.28,185.26,0,2.831
4,44,2021/08/09,19:06:08,2021/08/09,19:10:12,22.32,4.08,0.156,0.038,1502.3,293.4,0,2.987
4,45,2021/08/09,19:45:04,2021/08/09,19:48:13,34.87,3.17,0.118,0.037,1172.16,308.45,0,3.105
4,46,2021/08/09,20:10:17,2021/08/09,20:14:35,22.07,4.32,0.031,0.007,1565.7,72.25,0,3.136
4,47,2021/08/09,20:29:40,2021/08/09,20:33:08,15.08,3.48,0.04,0.011,1289.05,102.84,0,3.176
4,48,2021/08/09,20:38:57,2021/08/09,20:45:24,5.82,6.47,0.044,0.007,2390.42,76.49,0,3.22
4,49,2021/08/09,20:50:51,2021/08/09,20:56:08,5.45,5.3,0.07,0.013,1926.97,137.7,0,3.29
4,50,2021/08/09,21:07:54,2021/08/09,21:10:21,11.77,2.47,0.059,0.024,903.38,142.21,0,3.349
4,51,2021/08/09,21:14:27,2021/08/09,21:17:57,4.1,3.52,0.176,0.05,1283.32,934.43,0,3.526
4,52,2021/08/09,21:44:15,2021/08/09,21:49:56,26.3,5.7,0.129,0.023,2067.86,336.59,0,3.655
4,53,2021/08/09,21:55:43,2021/08/09,22:09:16,5.78,13.57,0.074,0.005,4950.76,201.95,0,3.729
4,54,2021/08/09,22:30:40,2021/08/09,22:34:23,21.4,3.73,0.092,0.025,1387.71,235.53,0,3.821
4,55,2021/08/09,22:46:42,2021/08/09,22:50:55,12.32,4.23,0.152,0.036,1547.39,239.65,0,3.974
4,56,2021/08/09,23:20:31,2021/08/09,23:24:12,29.6,3.7,0.168,0.045,1349.42,569.43,0,4.142
4,57,2021/08/09,23:34:24,2021/08/09,23:39:20,10.2,4.95,0.096,0.019,1807.26,227.02,0,4.238
4,58,2021/08/09,23:43:54,2021/08/10,00:14:52,4.57,30.98,0.01,0,11222.29,25.58,0,4.248
4,59,2021/08/10,00:19:00,2021/08/10,00:28:07,4.13,9.13,0.022,0.002,3340.8,46.15,0,4.271
4,60,2021/08/10,00:31:36,2021/08/10,00:32:18,3.48,0.72,0.002,0.002,253.65,3.23,0.006,4.272
4,61,2021/08/10,00:46:52,2021/08/10,00:48:44,14.57,1.88,0.02,0.011,683.14,61.86,0,4.293
4,62,2021/08/10,01:17:29,2021/08/10,01:23:15,28.75,5.78,0.168,0.029,2137.07,125.7,0,4.46
4,63,2021/08/10,02:23:25,2021/08/10,02:28:11,60.17,4.78,0.139,0.029,1753.2,257.39,0,4.599
4,64,2021/08/10,03:22:05,2021/08/10,03:42:56,53.9,20.87,0.203,0.01,7592.18,566.58,0,4.801
4,65,2021/08/10,04:59:58,2021/08/10,05:04:31,77.03,4.57,0.146,0.032,1651.5,400.96,0,4.948
4,66,2021/08/10,06:22:20,2021/08/10,06:24:14,77.82,1.92,0.017,0.009,686.55,29.47,0,4.965
4,67,2021/08/10,06:28:04,2021/08/10,06:31:56,3.83,3.88,0.106,0.027,1408.03,217.89,0,5.071
4,68,2021/08/10,06:57:13,2021/08/10,07:02:56,25.28,5.73,0.066,0.011,2078.59,103.05,0,5.137
4,69,2021/08/10,07:06:01,2021/08/10,07:06:52,3.08,0.87,0.004,0.005,308.75,13.62,0,5.141
4,70,2021/08/10,07:09:55,2021/08/10,07:18:20,3.05,8.43,0.175,0.021,3062.99,266.85,0,5.316
4,71,2021/08/10,08:16:24,2021/08/10,08:22:38,58.07,6.25,0.042,0.007,2273.12,77.55,0,5.358
4,72,2021/08/10,08:25:11,2021/08/10,08:39:29,2.55,14.32,0.004,0,5181.53,4.98,0,5.362
4,73,2021/08/10,08:42:55,2021/08/10,08:55:48,3.43,12.9,0.131,0.01,4673.46,317.19,0,5.493
4,74,2021/08/10,09:01:00,2021/08/10,09:04:25,5.2,3.43,0.022,0.006,1236.73,74.66,0,5.514
4,75,2021/08/10,10:36:13,2021/08/10,10:48:23,91.8,12.18,0.097,0.008,4405.34,271.79,0,5.611
5,1,2021/08/08,16:33:23,2021/08/08,16:41:43,0,8.35,0.256,0.031,3066.93,137.49,0,0.256
5,2,2021/08/08,16:48:47,2021/08/08,16:56:39,7.07,7.88,0.029,0.004,2893.83,59.88,0,0.285
5,3,2021/08/08,16:59:58,2021/08/08,17:01:29,3.32,1.53,0.003,0.002,559.11,6.31,0,0.287
5,4,2021/08/08,17:04:06,2021/08/08,17:13:02,2.62,8.95,0.006,0.001,3278.18,14.03,0,0.294
5,5,2021/08/08,17:17:10,2021/08/08,17:23:07,4.13,5.97,0.502,0.084,2183.31,1155.98,0,0.796
5,6,2021/08/08,19:30:48,2021/08/08,19:35:49,127.68,5.03,0.072,0.014,1862.67,116.96,0,0.868
5,7,2021/08/08,19:48:23,2021/08/08,20:04:11,12.57,15.82,0.214,0.014,5845.57,609.86,0,1.081
5,8,2021/08/08,20:24:22,2021/08/08,20:27:32,20.18,3.18,0.006,0.002,1169.98,13.14,0,1.088
5,9,2021/08/08,20:36:06,2021/08/08,20:36:44,8.57,0.65,0.006,0.009,231.51,14.57,0,1.093
5,10,2021/08/08,20:41:59,2021/08/08,20:44:20,5.25,2.37,0.076,0.032,874.07,129.76,0,1.169
5,11,2021/08/08,21:23:02,2021/08/08,21:31:35,38.7,8.57,0.533,0.062,3129.88,109.63,0,1.702
5,12,2021/08/08,21:34:20,2021/08/08,21:50:19,2.75,16,0.831,0.052,5894.6,1801.16,0,2.533
5,13,2021/08/08,21:55:54,2021/08/08,21:59:42,5.58,3.82,0.012,0.003,1402.32,29.83,0,2.545
5,14,2021/08/08,23:08:38,2021/08/08,23:11:49,68.93,3.2,0.071,0.022,1172.71,325.96,0,2.616
5,15,2021/08/09,01:55:48,2021/08/09,02:03:08,163.98,7.35,0.028,0.004,2683.7,64.84,0,2.643
5,16,2021/08/09,02:06:47,2021/08/09,02:11:13,3.65,4.45,0.058,0.013,1628.38,183.49,0,2.701
5,17,2021/08/09,02:15:16,2021/08/09,02:17:54,4.05,2.65,0.011,0.004,961.45,23.47,0,2.712
5,18,2021/08/09,03:15:25,2021/08/09,03:25:17,57.52,9.88,0.049,0.005,3628.85,30.55,0,2.761
5,19,2021/08/09,03:29:25,2021/08/09,03:30:34,4.13,1.17,0.008,0.007,420.12,25.6,0,2.769
5,20,2021/08/09,05:44:43,2021/08/09,05:47:48,134.15,3.1,0.029,0.009,1136.21,44.63,0,2.798
5,21,2021/08/09,07:00:05,2021/08/09,07:02:53,72.28,2.82,0.075,0.027,1042.68,291.35,0,2.873
5,22,2021/08/09,11:27:53,2021/08/09,11:28:54,265,1.03,0.007,0.006,378.24,9.27,0,2.879
5,23,2021/08/09,14:14:37,2021/08/09,14:17:39,165.72,3.05,0.047,0.015,1133.81,122.78,0,2.926
5,24,2021/08/09,15:24:49,2021/08/09,15:25:21,67.17,0.55,0.098,0.179,195.32,9.2,0,3.025
5,25,2021/08/09,15:47:37,2021/08/09,15:54:23,22.27,6.78,0.217,0.032,2497.52,380.45,0,3.242
5,26,2021/08/09,16:41:12,2021/08/09,16:54:34,46.82,13.38,0.025,0.002,4887.85,51.55,0,3.266
5,27,2021/08/09,16:59:14,2021/08/09,17:04:16,4.67,5.05,0.136,0.027,1857.55,172.55,0,3.402
5,28,2021/08/09,17:16:04,2021/08/09,17:20:56,11.8,4.88,0.007,0.001,1776.48,10.34,0,3.409
5,29,2021/08/09,17:30:45,2021/08/09,17:39:40,9.82,8.93,0.007,0.001,3254.7,19.94,0,3.417
5,30,2021/08/09,18:19:56,2021/08/09,18:26:10,40.27,6.25,0.148,0.024,2297.97,133.14,0,3.565
5,31,2021/08/09,18:28:56,2021/08/09,18:33:49,2.77,4.9,0.009,0.002,1783.25,24.1,0,3.574
5,32,2021/08/09,19:24:59,2021/08/09,19:33:50,51.17,8.87,0.378,0.043,3267.34,925.07,0,3.951
5,33,2021/08/09,19:49:26,2021/08/09,19:55:23,15.6,5.97,0.012,0.002,2183.48,8.65,0,3.964
5,34,2021/08/09,20:24:27,2021/08/09,20:30:43,29.07,6.28,0.107,0.017,2326.32,309.53,0,4.071
5,35,2021/08/09,20:51:25,2021/08/09,20:56:43,20.7,5.32,0.124,0.023,1948,269.4,0,4.194
5,36,2021/08/09,21:45:16,2021/08/09,21:55:52,48.55,10.62,0.115,0.011,3871.6,498.18,0,4.309
5,37,2021/08/09,22:08:38,2021/08/09,22:15:30,12.77,6.88,0.111,0.016,2522.77,240.75,0,4.42
5,38,2021/08/09,22:58:13,2021/08/09,22:59:38,42.72,1.43,0.01,0.007,527.85,22.18,0,4.43
5,39,2021/08/09,23:24:34,2021/08/09,23:26:17,24.93,1.73,0.064,0.037,622.51,11.07,0,4.494
5,40,2021/08/10,00:33:23,2021/08/10,00:46:29,67.1,13.12,0.211,0.016,4782.88,430.89,0,4.705
5,41,2021/08/10,01:18:41,2021/08/10,01:27:03,32.2,8.38,0.123,0.015,3063.87,173.35,0,4.827
5,42,2021/08/10,01:29:47,2021/08/10,01:30:21,2.73,0.58,0.007,0.012,205.13,12.74,0,4.834
5,43,2021/08/10,01:43:45,2021/08/10,01:44:34,13.4,0.83,0.004,0.005,298.41,8.85,0,4.838
5,44,2021/08/10,02:01:29,2021/08/10,02:03:59,16.92,2.52,0.069,0.028,939.22,114.86,0,4.908
5,45,2021/08/10,02:45:59,2021/08/10,02:53:57,42,7.98,0.185,0.023,2925.1,409.76,0,5.093
5,46,2021/08/10,03:30:50,2021/08/10,03:42:40,36.88,11.85,0.055,0.005,4323.98,133.6,0,5.148
5,47,2021/08/10,04:35:40,2021/08/10,04:39:19,53,3.67,0.59,0.161,1331.67,1772.94,0,5.738
6,1,2021/08/08,16:30:10,2021/08/08,16:43:46,0,13.62,0.325,0.024,5226.11,827.5,0,0.325
6,2,2021/08/08,16:56:59,2021/08/08,16:58:15,13.22,1.28,0.043,0.033,486.16,53.23,0,0.367
6,3,2021/08/08,17:08:55,2021/08/08,17:11:49,10.67,2.92,0.07,0.024,1113.3,163.36,0,0.438
6,4,2021/08/08,17:20:29,2021/08/08,17:22:13,8.67,1.75,0.051,0.029,667.21,166.41,0,0.489
6,5,2021/08/08,17:30:35,2021/08/08,17:33:32,8.37,2.97,0.083,0.028,1133.06,148.75,0,0.572
6,6,2021/08/08,17:43:56,2021/08/08,17:47:19,10.4,3.4,0.115,0.034,1297.82,268.65,0,0.687
6,7,2021/08/08,17:53:43,2021/08/08,17:56:02,6.4,2.33,0.078,0.033,888.6,155.16,0,0.765
6,8,2021/08/08,18:06:58,2021/08/08,18:10:02,10.93,3.08,0.014,0.005,1177.11,40.28,0,0.78
6,9,2021/08/08,18:15:27,2021/08/08,18:18:25,5.42,2.98,0.073,0.025,1133.56,186.18,0,0.853
6,10,2021/08/08,18:23:37,2021/08/08,18:25:19,5.2,1.72,0.044,0.026,651.37,98,0,0.897
6,11,2021/08/08,18:29:09,2021/08/08,18:32:25,3.83,3.28,0.085,0.026,1252.4,300.38,0,0.982
6,12,2021/08/08,18:35:10,2021/08/08,18:42:33,2.75,7.4,0.141,0.019,2819.39,327.53,0,1.123
6,13,2021/08/08,18:48:35,2021/08/08,18:51:06,6.03,2.53,0.021,0.008,966.82,42.94,0,1.144
6,14,2021/08/08,18:54:18,2021/08/08,19:00:25,3.2,6.13,0.08,0.013,2338.83,255.61,0,1.223
6,15,2021/08/08,19:03:38,2021/08/08,19:10:13,3.22,6.6,0.105,0.016,2525.63,93.57,0,1.328
6,16,2021/08/08,19:18:17,2021/08/08,19:22:02,8.07,3.77,0.096,0.026,1433.2,329.23,0,1.424
6,17,2021/08/08,20:52:18,2021/08/08,20:54:05,90.27,1.8,0.022,0.012,680.35,4.52,0,1.446
6,18,2021/08/08,21:51:30,2021/08/08,22:15:45,57.42,24.27,0.015,0.001,9249.95,38.18,0,1.461
6,19,2021/08/08,22:20:34,2021/08/08,22:38:37,4.82,18.07,0.372,0.021,6889.92,1004.28,0,1.833
6,20,2021/08/08,22:41:39,2021/08/08,22:49:03,3.03,7.42,0.02,0.003,2833.2,50.59,0,1.853
6,21,2021/08/08,22:52:53,2021/08/08,22:55:58,3.83,3.1,0.016,0.005,1180.29,24.44,0,1.869
6,22,2021/08/08,23:00:47,2021/08/08,23:02:24,4.82,1.63,0.007,0.004,616.44,10.02,0,1.876
6,23,2021/08/08,23:06:17,2021/08/08,23:18:15,3.88,11.98,0.115,0.01,4568.08,350.52,0,1.991
6,24,2021/08/08,23:23:25,2021/08/08,23:24:10,5.17,0.77,0.005,0.007,287.72,10.48,0,1.997
6,25,2021/08/08,23:26:41,2021/08/08,23:35:37,2.52,8.95,0.224,0.025,3399.03,426.91,0,2.221
6,26,2021/08/08,23:39:22,2021/08/08,23:39:54,3.75,0.55,0.004,0.007,207.55,10.42,0,2.224
6,27,2021/08/09,02:04:33,2021/08/09,02:07:13,144.65,2.68,0.032,0.012,1013.98,88,0,2.256
6,28,2021/08/09,04:30:07,2021/08/09,05:12:34,142.9,42.47,0.503,0.012,16191.24,1019.99,0,2.759
6,29,2021/08/09,16:30:06,2021/08/09,16:40:13,677.53,10.13,0.254,0.025,3885.61,825.05,0,3.013
6,30,2021/08/09,16:52:50,2021/08/09,16:55:38,12.62,2.82,0.074,0.026,1063.15,166.67,0,3.086
6,31,2021/08/09,17:11:17,2021/08/09,17:14:12,15.65,2.93,0.041,0.014,1109.51,108.15,0,3.128
6,32,2021/08/09,17:23:34,2021/08/09,17:26:16,9.37,2.72,0.096,0.035,1025.85,177.18,0,3.223
6,33,2021/08/09,17:44:42,2021/08/09,17:48:24,18.43,3.72,0.111,0.03,1415.72,283.93,0,3.334
6,34,2021/08/09,18:03:29,2021/08/09,18:07:46,15.08,4.3,0.067,0.016,1628.54,153.14,0,3.401
6,35,2021/08/09,18:11:15,2021/08/09,18:13:46,3.48,2.53,0.069,0.027,958.05,155.71,0,3.47
6,36,2021/08/09,18:18:45,2021/08/09,18:25:25,4.98,6.68,0.048,0.007,2535.89,72.36,0,3.519
6,37,2021/08/09,18:28:28,2021/08/09,18:34:36,3.05,6.15,0.047,0.008,2330.1,126.17,0,3.566
6,38,2021/08/09,18:37:23,2021/08/09,18:48:54,2.78,11.53,0.121,0.01,4389.19,560.2,0,3.686
6,39,2021/08/09,18:54:19,2021/08/09,18:57:40,5.42,3.37,0.085,0.025,1280.55,210.04,0,3.772
6,40,2021/08/09,19:01:26,2021/08/09,19:02:09,3.77,0.73,0.014,0.019,272.14,42.61,0,3.786
6,41,2021/08/09,19:04:45,2021/08/09,19:09:43,2.6,4.98,0.071,0.014,1887.39,213.06,0,3.856
6,42,2021/08/09,19:14:15,2021/08/09,19:17:33,4.53,3.32,0.005,0.002,1249.59,11.39,0,3.861
6,43,2021/08/09,19:24:09,2021/08/09,19:41:03,6.6,16.92,0.054,0.003,6394.89,166.32,0,3.916
6,44,2021/08/09,20:47:46,2021/08/09,21:07:56,66.72,20.18,0.009,0,7621.88,35.83,0,3.925
6,45,2021/08/09,21:35:44,2021/08/09,21:46:01,27.8,10.3,0.011,0.001,3887.43,18.47,0,3.936
6,46,2021/08/09,22:29:05,2021/08/09,23:17:25,43.07,48.35,0.714,0.015,18330.95,1853.35,0,4.65
6,47,2021/08/09,23:36:40,2021/08/09,23:37:55,19.25,1.27,0.018,0.014,470.44,55.27,0,4.667
6,48,2021/08/10,02:18:31,2021/08/10,02:19:34,160.6,1.07,0.004,0.004,395.89,7.45,0,4.671
6,49,2021/08/10,03:06:52,2021/08/10,03:10:35,47.3,3.73,0.005,0.001,1395.47,13.2,0,4.676
6,50,2021/08/10,03:15:01,2021/08/10,03:16:59,4.43,1.98,0.013,0.007,741.81,39.91,0,4.689
6,51,2021/08/10,03:34:18,2021/08/10,03:35:12,17.32,0.92,0.008,0.009,339.71,14.18,0,4.697
6,52,2021/08/10,03:39:59,2021/08/10,03:40:31,4.78,0.55,0.006,0.012,201.51,5.42,0,4.704
6,53,2021/08/10,04:24:39,2021/08/10,04:26:30,44.13,1.87,0.004,0.002,697.8,13.33,0,4.708
6,54,2021/08/10,04:29:44,2021/08/10,04:44:58,3.23,15.25,0.117,0.008,5774.88,237.26,0,4.825
6,55,2021/08/10,04:47:41,2021/08/10,04:52:32,2.72,4.87,0.024,0.005,1834.55,55.33,0,4.849
6,56,2021/08/10,04:55:26,2021/08/10,04:57:26,2.9,2.02,0.091,0.045,751.68,194.34,0,4.94
6,57,2021/08/10,08:21:44,2021/08/10,08:25:31,204.3,3.8,0.012,0.003,1422.04,22.9,0,4.952
6,58,2021/08/10,11:30:41,2021/08/10,11:33:24,185.17,2.73,0.005,0.002,1022.35,9.63,0,4.957
7,1,2021/08/08,17:52:58,2021/08/08,17:55:11,0,2.23,0.031,0.014,810.73,79.76,0,0.031
7,2,2021/08/08,18:26:45,2021/08/08,18:34:13,31.57,7.48,0.206,0.028,2719.07,376.17,0,0.237
7,3,2021/08/08,19:33:48,2021/08/08,19:37:15,59.58,3.47,0.06,0.017,1252.28,84.35,0,0.297
7,4,2021/08/08,19:47:22,2021/08/08,19:57:47,10.12,10.43,0.179,0.017,3799.79,467.52,0,0.476
7,5,2021/08/08,20:26:41,2021/08/08,20:41:38,28.9,14.97,0.278,0.019,5433.19,666.79,0,0.754
7,6,2021/08/08,20:50:13,2021/08/08,20:58:59,8.58,8.78,0.013,0.002,3185.57,37.27,0,0.768
7,7,2021/08/08,21:38:55,2021/08/08,21:51:06,39.93,12.2,0.258,0.021,4438.46,471.88,0,1.025
7,8,2021/08/08,21:55:44,2021/08/08,22:01:10,4.63,5.45,0.058,0.011,1960.11,125.75,0,1.083
7,9,2021/08/08,22:11:28,2021/08/08,22:13:19,10.3,1.87,0.016,0.008,666.88,46.82,0,1.099
7,10,2021/08/08,22:58:20,2021/08/08,23:04:13,45.02,5.9,0.107,0.018,2126.83,154.4,0,1.206
7,11,2021/08/08,23:48:54,2021/08/08,23:58:21,44.68,9.47,0.124,0.013,3424.98,347.99,0,1.329
7,12,2021/08/09,00:15:29,2021/08/09,00:27:48,17.13,12.33,0.234,0.019,4453.03,551.66,0,1.564
7,13,2021/08/09,00:31:02,2021/08/09,00:32:34,3.23,1.55,0.015,0.01,554.16,28.5,0,1.579
7,14,2021/08/09,00:36:52,2021/08/09,00:38:51,4.3,2,0.067,0.033,715.71,145.65,0,1.645
7,15,2021/08/09,01:29:32,2021/08/09,01:46:24,50.68,16.88,0.333,0.02,6101.94,1230.94,0,1.979
7,16,2021/08/09,02:41:50,2021/08/09,02:45:49,55.43,4,0.069,0.017,1432.92,202.35,0,2.048
7,17,2021/08/09,03:29:37,2021/08/09,03:45:25,43.8,15.82,0.389,0.025,5703.75,931.37,0,2.437
7,18,2021/08/09,05:07:29,2021/08/09,05:17:36,82.07,10.13,0.343,0.034,3672.11,738.82,0,2.78
7,19,2021/08/09,05:23:53,2021/08/09,05:27:48,6.28,3.93,0.007,0.002,1406.56,18.38,0,2.787
7,20,2021/08/09,06:32:24,2021/08/09,06:33:49,64.6,1.43,0.006,0.004,507.8,8.48,0,2.793
7,21,2021/08/09,07:08:30,2021/08/09,07:12:49,34.68,4.33,0.035,0.008,1558.35,78.74,0,2.829
7,22,2021/08/09,07:26:24,2021/08/09,07:34:02,13.58,7.65,0.074,0.01,2736.25,247.38,0,2.903
7,23,2021/08/09,07:38:40,2021/08/09,07:41:04,4.63,2.42,0.056,0.023,876.3,47.44,0,2.958
7,24,2021/08/09,09:09:51,2021/08/09,09:16:28,88.78,6.63,0.072,0.011,2388.95,145.11,0,3.03
7,25,2021/08/09,11:12:02,2021/08/09,11:20:15,115.57,8.23,0.165,0.02,2962.92,185.68,0,3.195
7,26,2021/08/09,13:12:19,2021/08/09,13:16:35,112.07,4.28,0.139,0.032,1541.32,236.98,0,3.334
7,27,2021/08/09,16:03:00,2021/08/09,16:08:00,166.42,5.02,0.138,0.028,1805.02,257.03,0,3.472
7,28,2021/08/09,17:45:58,2021/08/09,17:57:06,97.97,11.15,0.118,0.011,3998.07,332.11,0,3.59
7,29,2021/08/09,19:14:45,2021/08/09,19:21:55,77.65,7.18,0.18,0.025,2594.11,436.54,0,3.77
7,30,2021/08/09,20:07:50,2021/08/09,20:15:29,45.92,7.67,0.15,0.02,2742.88,403.53,0,3.919
7,31,2021/08/09,20:19:51,2021/08/09,20:40:50,4.37,21,0.241,0.011,7538.5,619.31,0,4.16
7,32,2021/08/09,21:02:00,2021/08/09,21:05:40,21.17,3.68,0.116,0.032,1328.98,357.55,0,4.277
7,33,2021/08/09,21:56:49,2021/08/09,22:02:28,51.15,5.67,0.047,0.008,2042.35,125.9,0,4.323
7,34,2021/08/09,22:27:08,2021/08/09,22:37:15,24.67,10.13,0.179,0.018,3633.52,394.8,0,4.502
7,35,2021/08/09,22:40:01,2021/08/09,22:41:49,2.77,1.82,0.025,0.014,650.59,54.01,0,4.527
7,36,2021/08/09,23:27:55,2021/08/09,23:33:14,46.1,5.33,0.185,0.035,1921.79,408.98,0,4.712
7,37,2021/08/10,00:02:12,2021/08/10,00:04:17,28.97,2.1,0.725,0.345,744.57,2186.95,0,5.436
7,38,2021/08/10,01:30:02,2021/08/10,01:32:58,85.75,2.95,0.101,0.034,1052.88,136.18,0,5.537
7,39,2021/08/10,01:59:55,2021/08/10,02:00:32,26.95,0.63,0.011,0.017,221.93,21.66,0,5.547
7,40,2021/08/10,02:51:38,2021/08/10,02:54:15,51.1,2.63,0.08,0.03,933.26,293.4,0,5.627
7,41,2021/08/10,03:32:26,2021/08/10,03:40:05,38.18,7.67,0.132,0.017,2745.84,275.53,0,5.759
7,42,2021/08/10,04:34:37,2021/08/10,04:38:55,54.53,4.32,0.105,0.024,1555.25,285.28,0,5.864
7,43,2021/08/10,05:17:20,2021/08/10,05:20:27,38.42,3.13,0.023,0.007,1111.43,45.48,0,5.887
7,44,2021/08/10,05:23:25,2021/08/10,05:31:53,2.97,8.48,0.077,0.009,3027.07,244.3,0,5.964
7,45,2021/08/10,05:40:16,2021/08/10,05:42:48,8.38,2.55,0.055,0.021,919.49,92.51,0,6.018
7,46,2021/08/10,06:36:28,2021/08/10,06:45:26,53.67,8.98,0.168,0.019,3201,322.49,0,6.186
7,47,2021/08/10,06:57:37,2021/08/10,06:59:56,12.18,2.33,0.011,0.005,821.17,17.2,0,6.197
7,48,2021/08/10,07:06:26,2021/08/10,07:09:29,6.5,3.07,0.05,0.016,1092.08,78.51,0,6.247
7,49,2021/08/10,09:32:01,2021/08/10,09:41:53,142.53,9.88,0.144,0.015,3520.54,246.83,0,6.391
7,50,2021/08/10,11:11:34,2021/08/10,11:15:51,89.68,4.3,0.092,0.021,1518.09,218.87,0,6.483
8,1,2021/08/08,16:41:33,2021/08/08,16:45:10,0,3.63,0.038,0.01,1449.66,65.24,0,0.038
8,2,2021/08/08,16:47:59,2021/08/08,16:53:26,2.82,5.47,0.084,0.015,2194.11,190.5,0,0.122
8,3,2021/08/08,17:34:39,2021/08/08,17:42:45,41.22,8.12,0.255,0.031,3267.73,816.74,0,0.377
8,4,2021/08/08,17:52:29,2021/08/08,17:56:02,9.73,3.57,0.113,0.032,1431.74,215.76,0,0.49
8,5,2021/08/08,18:16:47,2021/08/08,18:19:57,20.75,3.18,0.072,0.023,1274.62,248.24,0,0.562
8,6,2021/08/08,18:26:08,2021/08/08,18:29:01,6.18,2.9,0.075,0.026,1160.73,197.99,0,0.637
8,7,2021/08/08,18:33:28,2021/08/08,18:37:24,4.45,3.95,0.13,0.033,1574.99,83.6,0,0.767
8,8,2021/08/08,18:40:00,2021/08/08,18:44:29,2.6,4.5,0.103,0.023,1786.03,286.76,0,0.87
8,9,2021/08/08,18:51:03,2021/08/08,18:53:34,6.57,2.53,0.078,0.031,1008.54,184.98,0,0.948
8,10,2021/08/08,18:57:40,2021/08/08,18:59:54,4.1,2.25,0.075,0.033,893.71,212.19,0,1.023
8,11,2021/08/08,19:04:53,2021/08/08,19:07:03,4.98,2.18,0.005,0.002,857.88,13.05,0,1.028
8,12,2021/08/08,19:10:24,2021/08/08,19:15:27,3.35,5.07,0.064,0.013,2011.79,157.65,0,1.092
8,13,2021/08/08,20:34:44,2021/08/08,20:39:09,79.28,4.43,0.257,0.058,1712.89,351.7,0,1.349
8,14,2021/08/08,20:43:10,2021/08/08,20:45:50,4.02,2.68,0.283,0.106,1033.04,196.22,0,1.632
8,15,2021/08/08,22:55:53,2021/08/08,22:59:21,130.05,3.48,0.092,0.026,1382.03,175.53,0,1.724
8,16,2021/08/08,23:02:35,2021/08/08,23:10:13,3.23,7.65,0.204,0.027,3035.31,553.24,0,1.929
8,17,2021/08/08,23:14:38,2021/08/08,23:15:15,4.42,0.63,0.008,0.012,244.64,20.54,0,1.936
8,18,2021/08/08,23:17:52,2021/08/08,23:21:53,2.62,4.03,0.189,0.047,1606.69,326.57,0,2.125
8,19,2021/08/08,23:24:49,2021/08/08,23:26:03,2.93,1.25,0.01,0.008,488.18,19.48,0,2.135
8,20,2021/08/08,23:34:35,2021/08/08,23:38:38,8.53,4.07,0.175,0.043,1624.8,448.65,0,2.31
8,21,2021/08/09,00:03:33,2021/08/09,00:08:22,24.92,4.83,0.076,0.016,1918.18,230.8,0,2.387
8,22,2021/08/09,00:16:17,2021/08/09,00:22:48,7.92,6.53,0.073,0.011,2584.62,188.88,0,2.46
8,23,2021/08/09,01:38:17,2021/08/09,01:42:23,75.48,4.12,0.504,0.123,1567.84,392.88,0,2.965
8,24,2021/08/09,03:47:58,2021/08/09,04:05:19,125.58,17.37,0.698,0.04,6656.32,377.65,0,3.663
8,25,2021/08/09,04:10:44,2021/08/09,04:11:35,5.42,0.87,0.259,0.299,325.64,269.69,0,3.922
8,26,2021/08/09,04:42:42,2021/08/09,05:01:05,31.12,18.4,0.05,0.003,7272.51,138.97,0,3.972
8,27,2021/08/09,05:10:40,2021/08/09,05:16:41,9.58,6.03,0.101,0.017,2387.41,184.97,0,4.073
8,28,2021/08/09,05:20:08,2021/08/09,05:23:35,3.45,3.47,0.088,0.025,1364.4,193.64,0,4.161
8,29,2021/08/09,09:05:48,2021/08/09,09:07:13,222.22,1.43,0.402,0.281,538.99,232.34,0,4.564
8,30,2021/08/09,11:11:40,2021/08/09,11:16:10,124.45,4.52,0.081,0.018,1719.46,68.5,0,4.645
8,31,2021/08/09,13:40:10,2021/08/09,13:46:05,144,5.93,0.109,0.018,2256.95,65.94,0,4.754
8,32,2021/08/09,16:54:11,2021/08/09,16:57:46,188.1,3.6,0.102,0.028,1425.41,250.29,0,4.857
8,33,2021/08/09,17:40:38,2021/08/09,17:44:54,42.87,4.28,0.193,0.045,1704.98,295.43,0,5.05
8,34,2021/08/09,17:50:08,2021/08/09,17:52:41,5.23,2.57,0.029,0.011,999.1,88.89,0,5.078
8,35,2021/08/09,18:03:50,2021/08/09,18:08:20,11.15,4.52,0.115,0.025,1798.84,318.84,0,5.193
8,36,2021/08/09,18:18:48,2021/08/09,18:22:29,10.47,3.7,0.099,0.027,1465.34,221.54,0,5.292
8,37,2021/08/09,18:29:52,2021/08/09,18:32:46,7.38,2.92,0.031,0.011,1151.49,67.63,0,5.323
8,38,2021/08/09,18:40:14,2021/08/09,18:47:50,7.47,7.62,0.076,0.01,3001,166.16,0,5.399
8,39,2021/08/09,18:51:40,2021/08/09,18:58:03,3.83,6.4,0.167,0.026,2526.63,426.91,0,5.566
8,40,2021/08/09,19:06:16,2021/08/09,19:14:03,8.22,7.8,0.168,0.021,3071.36,264.4,0,5.734
8,41,2021/08/09,20:17:47,2021/08/09,20:19:16,63.73,1.5,0.194,0.129,571.41,81.09,0,5.927
8,42,2021/08/09,20:43:57,2021/08/09,20:53:27,24.68,9.52,0.258,0.027,3657.69,411.51,0,6.185
8,43,2021/08/09,20:56:03,2021/08/09,21:14:35,2.6,18.55,0.495,0.027,7140.77,54.34,0,6.68
8,44,2021/08/09,23:42:42,2021/08/09,23:48:21,148.12,5.67,0.118,0.021,2157.4,134.14,0,6.798
8,45,2021/08/09,23:52:32,2021/08/09,23:53:07,4.18,0.6,0.932,1.554,224.15,862.22,0,7.731
8,46,2021/08/10,00:39:19,2021/08/10,00:42:04,46.2,2.77,0.551,0.199,1050.28,860.07,0,8.282
8,47,2021/08/10,00:45:33,2021/08/10,00:57:09,3.48,11.62,0.833,0.072,4422.14,833.09,0,9.114
8,48,2021/08/10,01:53:05,2021/08/10,01:53:50,55.93,0.77,0.132,0.173,286.11,66,0,9.247
8,49,2021/08/10,02:05:01,2021/08/10,02:15:45,11.18,10.75,0.464,0.043,4085.83,226.47,0,9.71
8,50,2021/08/10,03:32:52,2021/08/10,03:36:08,77.12,3.28,0.447,0.136,1247.93,326.15,0,10.157
8,51,2021/08/10,04:22:40,2021/08/10,04:23:37,46.53,0.97,0.591,0.611,365.75,1016.06,0,10.748
8,52,2021/08/10,05:06:04,2021/08/10,05:13:45,42.45,7.7,0.137,0.018,3024.18,376.33,0,10.885
8,53,2021/08/10,05:18:27,2021/08/10,05:23:39,4.7,5.22,0.081,0.015,2048.21,185.81,0,10.965
8,54,2021/08/10,08:35:49,2021/08/10,08:42:58,192.17,7.17,0.377,0.053,2755.6,371.14,0,11.342
9,1,2021/08/08,18:46:23,2021/08/08,18:48:30,0,2.13,0.001,0.001,819.57,2.69,0.017,0.001
9,2,2021/08/08,19:48:24,2021/08/08,19:53:13,59.9,4.83,0.002,0,1859.49,2.63,0.02,0.003
9,3,2021/08/08,20:00:01,2021/08/08,20:09:09,6.8,9.15,0.211,0.023,3562.74,565.66,0,0.214
9,4,2021/08/08,20:12:00,2021/08/08,20:17:47,2.85,5.8,0.15,0.026,2261.03,339.06,0,0.364
9,5,2021/08/08,20:28:45,2021/08/08,20:31:57,10.97,3.22,0.084,0.026,1261.77,155.36,0,0.448
9,6,2021/08/08,22:22:50,2021/08/08,22:37:52,110.88,15.05,0.269,0.018,5830.45,666.52,0,0.717
9,7,2021/08/08,22:40:30,2021/08/08,22:50:46,2.63,10.28,0.001,0,3983.54,2.25,0.041,0.718
9,8,2021/08/08,22:58:22,2021/08/08,23:10:20,7.6,11.98,0.197,0.016,4629.99,86.38,0,0.915
9,9,2021/08/08,23:21:54,2021/08/08,23:29:10,11.57,7.28,0.219,0.03,2803.7,300.67,0,1.134
9,10,2021/08/08,23:41:51,2021/08/08,23:45:43,12.68,3.88,0.143,0.037,1512.71,29.96,0,1.277
9,11,2021/08/09,01:18:24,2021/08/09,01:21:07,92.68,2.73,0.004,0.001,1046.42,11.6,0,1.281
9,12,2021/08/09,02:00:01,2021/08/09,02:14:31,38.9,14.52,0.219,0.015,5617.51,440.57,0,1.5
9,13,2021/08/09,04:30:07,2021/08/09,04:41:37,135.6,11.52,0.382,0.033,4483.23,1125.16,0,1.883
9,14,2021/08/09,04:44:52,2021/08/09,04:57:28,3.25,12.62,0.095,0.008,4867.03,39.44,0,1.978
9,15,2021/08/09,05:00:11,2021/08/09,05:08:12,2.72,8.03,0.184,0.023,3128.83,397.05,0,2.162
9,16,2021/08/09,08:00:13,2021/08/09,08:06:04,172.02,5.87,0.165,0.028,2282.42,313.32,0,2.327
9,17,2021/08/09,16:30:02,2021/08/09,16:39:48,503.97,9.78,0.198,0.02,3771.03,364.95,0,2.526
9,18,2021/08/09,16:54:57,2021/08/09,17:00:18,15.15,5.37,0.198,0.037,2081.5,324.79,0,2.723
9,19,2021/08/09,17:40:49,2021/08/09,17:42:43,40.52,1.92,0.054,0.028,741.7,117.61,0,2.777
9,20,2021/08/09,18:07:36,2021/08/09,18:08:06,24.88,0.52,0.004,0.008,191.41,11.12,0,2.782
9,21,2021/08/09,20:00:02,2021/08/09,20:25:16,111.93,25.25,0.507,0.02,9754.79,1274.13,0,3.289
9,22,2021/08/09,22:09:51,2021/08/09,22:15:18,104.58,5.47,0.007,0.001,2086.44,10.54,0,3.295
9,23,2021/08/09,22:18:52,2021/08/09,22:25:05,3.57,6.23,0.003,0.001,2375.77,7.19,0,3.299
9,24,2021/08/09,22:30:01,2021/08/09,22:49:20,4.93,19.33,0.582,0.03,7459.07,1502.01,0,3.881
9,25,2021/08/10,00:16:21,2021/08/10,00:18:48,87.02,2.47,0.005,0.002,935.13,10.47,0,3.886
9,26,2021/08/10,00:21:28,2021/08/10,00:25:49,2.67,4.37,0.004,0.001,1660.91,7.51,0,3.89
9,27,2021/08/10,01:52:04,2021/08/10,02:07:35,86.25,15.53,0.363,0.023,5975.95,880.26,0,4.252
9,28,2021/08/10,02:10:17,2021/08/10,02:24:53,2.7,14.62,0.202,0.014,5624.38,409.89,0,4.455
9,29,2021/08/10,03:30:04,2021/08/10,03:30:36,65.18,0.55,0.002,0.004,206.13,4.41,0.001,4.457
9,30,2021/08/10,03:42:48,2021/08/10,03:45:23,12.2,2.6,0.006,0.002,983.88,6.28,0,4.462
9,31,2021/08/10,04:30:02,2021/08/10,04:38:24,44.65,8.38,0.34,0.041,3232.2,894.36,0,4.802
9,32,2021/08/10,04:55:36,2021/08/10,05:00:12,17.2,4.62,0.173,0.037,1795.8,344.37,0,4.974
9,33,2021/08/10,05:04:35,2021/08/10,05:05:27,4.38,0.88,0.004,0.004,330.11,6.48,0,4.978
9,34,2021/08/10,05:21:19,2021/08/10,05:32:22,15.87,11.07,0.271,0.025,4252.3,460.73,0,5.249
9,35,2021/08/10,05:51:06,2021/08/10,05:52:03,18.73,0.97,0.006,0.006,362.41,13.51,0,5.255
9,36,2021/08/10,05:54:50,2021/08/10,05:55:55,2.78,1.1,0.035,0.031,413.44,59.71,0,5.29
9,37,2021/08/10,07:58:23,2021/08/10,08:08:37,122.47,10.25,0.135,0.013,3934.36,235.56,0,5.425
9,38,2021/08/10,09:34:59,2021/08/10,09:40:10,86.37,5.2,0.018,0.003,1966.94,23.11,0,5.443
10,1,2021/08/08,16:51:30,2021/08/08,16:54:58,0,3.48,0.09,0.026,1313.85,194.2,0,0.09
10,2,2021/08/08,17:18:35,2021/08/08,17:27:08,23.62,8.57,0.179,0.021,3243.15,659.33,0,0.268
10,3,2021/08/08,17:49:19,2021/08/08,17:50:05,22.18,0.78,0.018,0.023,290.54,30.55,0,0.286
10,4,2021/08/08,17:54:35,2021/08/08,17:58:08,4.5,3.57,0.103,0.029,1339.9,179.91,0,0.389
10,5,2021/08/08,18:00:42,2021/08/08,18:07:28,2.57,6.78,0.048,0.007,2558.59,126.81,0,0.437
10,6,2021/08/08,18:47:14,2021/08/08,18:49:37,39.77,2.4,0.073,0.03,909.21,95.37,0,0.51
10,7,2021/08/08,18:52:11,2021/08/08,19:00:40,2.57,8.5,0.124,0.015,3210.73,210.04,0,0.634
10,8,2021/08/08,19:37:39,2021/08/08,19:40:39,36.98,3.02,0.094,0.031,1129.84,155.14,0,0.728
10,9,2021/08/08,19:53:36,2021/08/08,19:54:12,12.95,0.62,0.005,0.007,225.58,12.12,0,0.732
10,10,2021/08/08,19:58:58,2021/08/08,20:02:55,4.77,3.97,0.135,0.034,1485.95,279.53,0,0.867
10,11,2021/08/08,20:22:03,2021/08/08,20:28:01,19.13,5.98,0.022,0.004,2259.54,48.33,0,0.89
10,12,2021/08/08,20:31:28,2021/08/08,20:37:10,3.45,5.72,0.029,0.005,2171.51,73.79,0,0.918
10,13,2021/08/08,20:41:04,2021/08/08,20:50:50,3.9,9.78,0.173,0.018,3691.42,353.17,0,1.092
10,14,2021/08/08,20:55:27,2021/08/08,20:57:41,4.62,2.25,0.131,0.058,839.57,338.89,0,1.223
10,15,2021/08/08,21:00:30,2021/08/08,21:02:56,2.82,2.45,0.048,0.02,921.8,150.15,0,1.271
10,16,2021/08/08,21:08:53,2021/08/08,21:14:43,5.95,5.85,0.041,0.007,2207.71,125.08,0,1.312
10,17,2021/08/08,21:21:23,2021/08/08,21:29:32,6.67,8.17,0.191,0.023,3084.01,427.76,0,1.503
10,18,2021/08/08,22:07:04,2021/08/08,22:11:40,37.53,4.62,0.07,0.015,1730.59,140.8,0,1.573
10,19,2021/08/08,22:18:13,2021/08/08,22:23:27,6.55,5.25,0.036,0.007,1990.39,84.49,0,1.608
10,20,2021/08/08,22:46:58,2021/08/08,22:51:08,23.52,4.18,0.182,0.043,1575.18,219.04,0,1.79
10,21,2021/08/08,22:53:41,2021/08/08,23:05:57,2.55,12.28,0.31,0.025,4616.21,666.22,0,2.1
10,22,2021/08/08,23:12:06,2021/08/08,23:14:51,6.15,2.77,0.036,0.013,1029.05,96.97,0,2.136
10,23,2021/08/08,23:21:26,2021/08/08,23:23:42,6.58,2.28,0.023,0.01,847.88,28.74,0,2.159
10,24,2021/08/08,23:31:23,2021/08/08,23:33:21,7.68,1.98,0.011,0.006,739.04,25.69,0,2.17
10,25,2021/08/08,23:38:08,2021/08/08,23:42:26,4.78,4.32,0.073,0.017,1620.89,92.3,0,2.243
10,26,2021/08/08,23:55:06,2021/08/08,23:56:53,12.67,1.8,0.035,0.019,668.11,86.54,0,2.278
10,27,2021/08/09,00:47:26,2021/08/09,00:50:40,50.55,3.25,0.167,0.051,1217.07,407.5,0,2.445
10,28,2021/08/09,01:14:09,2021/08/09,01:16:13,23.48,2.08,0.086,0.041,774.19,212.09,0,2.53
10,29,2021/08/09,01:27:34,2021/08/09,01:40:32,11.35,12.98,0.089,0.007,4853.18,8.75,0,2.62
10,30,2021/08/09,01:43:18,2021/08/09,01:46:54,2.77,3.62,0.062,0.017,1360.02,67.64,0,2.681
10,31,2021/08/09,02:55:13,2021/08/09,03:00:29,68.32,5.28,0.245,0.046,1975.1,481,0,2.927
10,32,2021/08/09,03:35:29,2021/08/09,03:36:47,35,1.32,0.027,0.021,489.37,57.91,0,2.954
10,33,2021/08/09,04:02:00,2021/08/09,04:05:08,25.22,3.15,0.057,0.018,1171.69,148.9,0,3.011
10,34,2021/08/09,04:26:54,2021/08/09,04:36:38,21.77,9.75,0.169,0.017,3653.93,353.17,0,3.179
10,35,2021/08/09,05:15:15,2021/08/09,05:16:38,38.62,1.4,0.787,0.562,518.27,1400.28,0,3.966
10,36,2021/08/09,05:19:54,2021/08/09,05:30:07,3.27,10.23,0.133,0.013,3835.85,179.8,0,4.099
10,37,2021/08/09,05:48:35,2021/08/09,05:51:24,18.47,2.83,0.017,0.006,1055.13,4.99,0,4.116
10,38,2021/08/09,05:58:45,2021/08/09,06:02:12,7.35,3.47,0.014,0.004,1293.21,41.26,0,4.13
10,39,2021/08/09,06:06:25,2021/08/09,06:07:21,4.22,0.95,0.001,0.001,347.57,3.3,0.005,4.131
10,40,2021/08/09,08:32:56,2021/08/09,08:41:44,145.58,8.82,0.113,0.013,3289.96,13.17,0,4.244
10,41,2021/08/09,08:57:40,2021/08/09,08:58:34,15.93,0.92,0.019,0.02,336.45,40.43,0,4.263
10,42,2021/08/09,13:54:22,2021/08/09,13:56:14,295.8,1.88,0.026,0.014,698.12,52.65,0,4.289
10,43,2021/08/09,13:59:39,2021/08/09,14:04:53,3.42,5.25,0.15,0.029,1965.33,338.37,0,4.439
10,44,2021/08/09,17:09:07,2021/08/09,17:15:19,184.23,6.22,0.063,0.01,2320.15,32.54,0,4.502
10,45,2021/08/09,17:44:51,2021/08/09,17:52:21,29.53,7.52,0.157,0.021,2819.31,412.69,0,4.659
10,46,2021/08/09,18:12:03,2021/08/09,18:16:32,19.7,4.5,0.171,0.038,1675.88,428.47,0,4.83
10,47,2021/08/09,18:43:47,2021/08/09,18:49:51,27.25,6.08,0.138,0.023,2269.86,218.08,0,4.967
10,48,2021/08/09,19:12:57,2021/08/09,19:15:53,23.1,2.95,0.089,0.03,1099.49,205.53,0,5.056
10,49,2021/08/09,19:27:51,2021/08/09,19:30:48,11.97,2.97,0.078,0.026,1099.76,204.45,0,5.134
10,50,2021/08/09,19:48:13,2021/08/09,19:49:25,17.42,1.22,0.012,0.009,449,32.31,0,5.146
10,51,2021/08/09,20:00:24,2021/08/09,20:01:18,10.98,0.92,0.029,0.032,337.27,58.18,0,5.175
10,52,2021/08/09,20:03:56,2021/08/09,20:04:29,2.63,0.57,0.013,0.023,204.42,30.96,0,5.188
10,53,2021/08/09,20:07:03,2021/08/09,20:20:08,2.57,13.1,0.248,0.019,4875.29,593.35,0,5.436
10,54,2021/08/09,20:31:19,2021/08/09,20:33:56,11.18,2.63,0.138,0.052,973.39,277.16,0,5.575
10,55,2021/08/09,20:39:42,2021/08/09,20:40:19,5.77,0.63,0.006,0.01,229.29,14.26,0,5.581
10,56,2021/08/09,20:50:16,2021/08/09,20:58:41,9.95,8.43,0.024,0.003,3128.67,53.22,0,5.605
10,57,2021/08/09,21:03:22,2021/08/09,21:10:21,4.68,7,0.041,0.006,2616.47,99.41,0,5.646
10,58,2021/08/09,21:20:52,2021/08/09,21:25:05,10.52,4.23,0.05,0.012,1579.66,79.35,0,5.696
10,59,2021/08/09,21:34:54,2021/08/09,21:42:42,9.82,7.82,0.037,0.005,2908.75,96.94,0,5.733
10,60,2021/08/09,21:53:57,2021/08/09,21:59:33,11.25,5.62,0.241,0.043,2087.46,577.84,0,5.974
10,61,2021/08/09,22:13:37,2021/08/09,22:22:26,14.07,8.83,0.18,0.02,3286.17,138.1,0,6.154
10,62,2021/08/09,22:39:13,2021/08/09,22:40:31,16.78,1.32,0.009,0.007,481.69,16.49,0,6.163
10,63,2021/08/09,23:16:02,2021/08/09,23:18:44,35.52,2.72,0.02,0.007,1007.64,65.48,0,6.183
10,64,2021/08/09,23:36:24,2021/08/09,23:45:56,17.67,9.55,0.058,0.006,3554.46,135.73,0,6.241
10,65,2021/08/09,23:54:04,2021/08/09,23:59:43,8.13,5.67,0.153,0.027,2105.75,421.53,0,6.394
10,66,2021/08/10,00:03:21,2021/08/10,00:06:38,3.63,3.3,0.096,0.029,1232.86,200.96,0,6.489
10,67,2021/08/10,00:11:40,2021/08/10,00:12:45,5.03,1.1,0.012,0.011,407.99,24.2,0,6.502
10,68,2021/08/10,00:16:53,2021/08/10,00:19:19,4.13,2.45,0.111,0.045,917.21,301.25,0,6.613
10,69,2021/08/10,00:24:37,2021/08/10,00:25:09,5.3,0.55,0.013,0.023,197.96,20.74,0,6.625
10,70,2021/08/10,01:28:57,2021/08/10,01:31:31,63.8,2.58,0.061,0.024,949.93,88.37,0,6.687
10,71,2021/08/10,01:37:48,2021/08/10,01:45:09,6.28,7.37,0.09,0.012,2714.3,228.18,0,6.776
10,72,2021/08/10,01:55:25,2021/08/10,02:00:40,10.27,5.27,0.071,0.013,1935.18,251.75,0,6.847
10,73,2021/08/10,02:06:50,2021/08/10,02:10:35,6.17,3.77,0.097,0.026,1397.21,304.05,0,6.944
10,74,2021/08/10,02:13:57,2021/08/10,02:16:34,3.37,2.63,0.002,0.001,963.9,5.01,0,6.946
10,75,2021/08/10,03:09:06,2021/08/10,03:09:41,52.53,0.6,0.013,0.022,215.93,20.95,0,6.959
10,76,2021/08/10,06:00:39,2021/08/10,06:08:58,170.97,8.33,0.029,0.003,3105.47,7.43,0,6.987
10,77,2021/08/10,06:11:44,2021/08/10,06:16:41,2.77,4.97,0.017,0.003,1839.16,39.02,0,7.004
10,78,2021/08/10,07:21:40,2021/08/10,07:34:37,64.98,12.97,0.004,0,4809.69,9.88,0,7.009
10,79,2021/08/10,08:03:41,2021/08/10,08:09:32,29.07,5.87,0.017,0.003,2164.33,32.13,0,7.026
10,80,2021/08/10,08:46:59,2021/08/10,08:48:13,37.45,1.25,0.037,0.03,456.49,105.26,0,7.063
11,1,2021/08/08,16:51:49,2021/08/08,16:53:11,0,1.38,0.002,0.002,497.5,6.42,0,0.002
11,2,2021/08/08,17:52:51,2021/08/08,18:06:35,59.67,13.75,0.319,0.023,5041.01,562.98,0,0.322
11,3,2021/08/08,18:12:11,2021/08/08,18:16:25,5.6,4.25,0.175,0.041,1556.8,368.9,0,0.497
11,4,2021/08/08,19:11:54,2021/08/08,19:14:49,55.48,2.93,0.094,0.032,1063.6,290.24,0,0.59
11,5,2021/08/08,19:21:29,2021/08/08,19:32:55,6.67,11.45,0.922,0.081,4165.23,1569.2,0,1.512
11,6,2021/08/08,21:49:19,2021/08/08,22:13:36,136.4,24.3,0.497,0.02,8798.66,186.98,0,2.009
11,7,2021/08/08,22:26:35,2021/08/08,22:37:07,12.98,10.55,0.055,0.005,3843.02,6.9,0,2.065
11,8,2021/08/08,22:40:03,2021/08/08,22:49:27,2.93,9.42,0.138,0.015,3422.46,428.2,0,2.203
11,9,2021/08/08,22:52:34,2021/08/08,22:57:47,3.12,5.23,0.072,0.014,1901,189.44,0,2.276
11,10,2021/08/08,23:02:13,2021/08/08,23:03:04,4.43,0.87,0.001,0.001,309.25,3.07,0.008,2.277
11,11,2021/08/08,23:05:47,2021/08/08,23:14:10,2.72,8.4,0.234,0.028,3061.74,744.26,0,2.511
11,12,2021/08/08,23:26:52,2021/08/08,23:30:55,12.7,4.07,0.074,0.018,1473.21,211.33,0,2.585
11,13,2021/08/08,23:37:44,2021/08/08,23:40:33,6.82,2.83,0.104,0.037,1028.43,216.62,0,2.689
11,14,2021/08/08,23:45:37,2021/08/08,23:46:52,5.07,1.27,0.002,0.001,452.61,2.74,0.016,2.691
11,15,2021/08/08,23:55:58,2021/08/08,23:59:16,9.1,3.32,0.114,0.034,1209.84,312.09,0,2.805
11,16,2021/08/09,00:03:39,2021/08/09,00:06:14,4.38,2.6,0.087,0.034,936.01,192.96,0,2.892
11,17,2021/08/09,00:17:17,2021/08/09,00:21:16,11.05,4,0.04,0.01,1445.97,88.53,0,2.932
11,18,2021/08/09,00:37:16,2021/08/09,00:39:05,16,1.83,0.073,0.04,654.73,103.04,0,3.005
11,19,2021/08/09,01:28:23,2021/08/09,01:35:38,49.3,7.27,0.1,0.014,2615.28,31.03,0,3.105
11,20,2021/08/09,01:49:02,2021/08/09,01:51:21,13.4,2.33,0.08,0.034,835.33,9.3,0,3.185
11,21,2021/08/09,02:02:00,2021/08/09,02:04:04,10.65,2.08,0.119,0.057,746.21,19.43,0,3.304
11,22,2021/08/09,03:18:08,2021/08/09,03:42:19,74.07,24.2,0.187,0.008,8724.26,134.32,0,3.491
11,23,2021/08/09,04:47:31,2021/08/09,05:03:19,65.2,15.82,0.169,0.011,5723.56,67.77,0,3.66
11,24,2021/08/09,05:07:01,2021/08/09,05:10:26,3.7,3.43,0.115,0.033,1246.13,238.69,0,3.774
11,25,2021/08/09,05:13:54,2021/08/09,05:18:38,3.47,4.75,0.106,0.022,1720.95,300.33,0,3.88
11,26,2021/08/09,05:22:37,2021/08/09,05:23:58,3.98,1.37,0.024,0.018,488.85,67.16,0,3.905
11,27,2021/08/09,06:35:14,2021/08/09,06:55:28,71.27,20.25,0.118,0.006,7281.2,179.78,0,4.023
11,28,2021/08/09,08:27:40,2021/08/09,08:36:16,92.2,8.62,0.123,0.014,3092.07,24.61,0,4.145
11,29,2021/08/09,08:40:02,2021/08/09,08:48:15,3.77,8.23,0.446,0.054,2956.75,74.12,0,4.591
11,30,2021/08/09,14:24:05,2021/08/09,14:26:48,335.83,2.73,0.021,0.008,981.08,23.68,0,4.612
11,31,2021/08/09,16:23:31,2021/08/09,16:33:45,116.72,10.25,0.011,0.001,3684.97,2.82,0.014,4.624
11,32,2021/08/09,16:36:53,2021/08/09,16:40:53,3.13,4.02,0.007,0.002,1443.06,23.88,0,4.63
11,33,2021/08/09,18:22:31,2021/08/09,18:28:39,101.63,6.15,0.132,0.021,2226.22,336.88,0,4.762
11,34,2021/08/09,18:32:07,2021/08/09,18:36:53,3.47,4.78,0.144,0.03,1731.13,303.09,0,4.906
11,35,2021/08/09,19:19:45,2021/08/09,19:26:42,42.87,6.97,0.125,0.018,2519.29,356.98,0,5.031
11,36,2021/08/09,20:46:04,2021/08/09,21:07:39,79.37,21.6,0.203,0.009,7741.33,33.44,0,5.234
11,37,2021/08/09,21:51:02,2021/08/09,22:19:11,43.38,28.17,0.815,0.029,10091.37,162.84,0,6.049
11,38,2021/08/09,22:22:01,2021/08/09,23:03:11,2.83,41.18,0.484,0.012,14772.39,235.16,0,6.532
11,39,2021/08/09,23:06:01,2021/08/10,00:14:07,2.83,68.12,0.33,0.005,24395.46,34.25,0,6.863
11,40,2021/08/10,01:01:07,2021/08/10,01:53:13,47,52.12,0.494,0.009,18660.61,844.61,0,7.357
11,41,2021/08/10,01:56:02,2021/08/10,02:38:08,2.82,42.12,0.355,0.008,15082.2,321.53,0,7.712
11,42,2021/08/10,02:40:46,2021/08/10,02:46:08,2.63,5.38,0.068,0.013,1924.14,13.15,0,7.779
11,43,2021/08/10,04:41:48,2021/08/10,04:59:10,115.67,17.38,0.289,0.017,6271.42,767.41,0,8.068
11,44,2021/08/10,05:03:10,2021/08/10,05:05:08,4,1.98,0.045,0.023,707.28,68.49,0,8.114
11,45,2021/08/10,05:09:21,2021/08/10,05:16:25,4.22,7.08,0.17,0.024,2557.78,545.85,0,8.283
11,46,2021/08/10,05:39:00,2021/08/10,05:51:38,22.58,12.65,0.214,0.017,4514.55,123.39,0,8.497
11,47,2021/08/10,06:58:34,2021/08/10,07:17:43,66.93,19.17,0.031,0.002,6843.14,14.15,0,8.528
11,48,2021/08/10,07:59:58,2021/08/10,08:15:35,42.25,15.63,0.2,0.013,5581.23,85.29,0,8.729
11,49,2021/08/10,08:18:44,2021/08/10,08:48:41,3.15,29.97,0.097,0.003,10705.12,12.68,0,8.826
11,50,2021/08/10,10:17:44,2021/08/10,10:19:58,89.05,2.25,0.267,0.119,797.33,211.41,0,9.093
11,51,2021/08/10,11:46:56,2021/08/10,11:54:51,86.97,7.93,0.074,0.009,2831.78,23.36,0,9.166
12,1,2021/08/08,18:12:25,2021/08/08,18:15:15,0,2.85,0.239,0.084,1039.9,65.97,0,0.239
12,2,2021/08/08,19:28:18,2021/08/08,19:28:54,73.05,0.62,0.126,0.204,219.91,75.21,0,0.365
12,3,2021/08/08,19:39:07,2021/08/08,19:42:21,10.22,3.25,0.265,0.081,1189.85,76.61,0,0.629
12,4,2021/08/08,19:53:22,2021/08/08,20:08:55,11.02,15.57,0.816,0.052,5770.63,468.24,0,1.445
12,5,2021/08/08,20:50:36,2021/08/08,20:56:31,41.68,5.93,0.275,0.046,2172.33,88.11,0,1.72
12,6,2021/08/08,21:06:29,2021/08/08,21:11:59,9.97,5.52,0.615,0.112,2011.95,212.84,0,2.336
12,7,2021/08/08,21:36:28,2021/08/08,21:39:26,24.48,2.98,0.181,0.061,1085.38,35.32,0,2.517
12,8,2021/08/08,21:43:22,2021/08/08,21:45:32,3.93,2.18,0.196,0.09,793.42,51.4,0,2.712
12,9,2021/08/08,22:11:20,2021/08/08,22:11:51,25.8,0.53,0.053,0.099,188.9,14.16,0,2.765
12,10,2021/08/08,23:06:44,2021/08/08,23:17:24,54.88,10.68,0.264,0.025,3944.68,489.21,0,3.029
12,11,2021/08/09,00:42:07,2021/08/09,00:42:46,84.72,0.67,0.315,0.473,237.63,58.7,0,3.344
12,12,2021/08/09,01:18:37,2021/08/09,01:35:14,35.85,16.63,0.065,0.004,6078.04,9.77,0,3.41
12,13,2021/08/09,01:59:34,2021/08/09,02:42:13,24.33,42.67,0.053,0.001,15727.83,7.55,0,3.463
12,14,2021/08/09,02:45:40,2021/08/09,02:50:33,3.45,4.9,0.046,0.009,1785.9,8.03,0,3.509
12,15,2021/08/09,02:53:21,2021/08/09,02:55:27,2.8,2.12,0.666,0.315,768.41,194.2,0,4.175
12,16,2021/08/09,02:59:37,2021/08/09,03:17:01,4.17,17.42,0.839,0.048,6358.89,999.46,0,5.014
12,17,2021/08/09,04:46:06,2021/08/09,05:05:55,89.08,19.83,0.051,0.003,7317.06,4.4,0.001,5.065
12,18,2021/08/09,05:10:28,2021/08/09,05:16:30,4.55,6.05,0.019,0.003,2217.29,30.58,0,5.084
12,19,2021/08/09,05:20:27,2021/08/09,05:30:52,3.95,10.43,0.23,0.022,3852.92,578.14,0,5.314
12,20,2021/08/09,06:45:14,2021/08/09,06:55:36,74.37,10.38,0.76,0.073,3787.76,333.34,0,6.074
12,21,2021/08/09,07:15:20,2021/08/09,07:16:58,19.73,1.65,0.232,0.141,594.96,64.65,0,6.306
12,22,2021/08/09,08:58:09,2021/08/09,09:14:20,101.18,16.2,0.86,0.053,5882.28,467.86,0,7.166
12,23,2021/08/09,10:22:53,2021/08/09,10:27:34,68.55,4.7,0.394,0.084,1701.12,110.3,0,7.56
12,24,2021/08/09,10:30:53,2021/08/09,10:51:12,3.32,20.33,0.239,0.012,7395.09,245.38,0,7.799
12,25,2021/08/09,12:53:21,2021/08/09,12:56:09,122.15,2.82,0.101,0.036,1021.29,99.97,0,7.901
12,26,2021/08/09,16:46:36,2021/08/09,16:51:06,230.45,4.52,0.036,0.008,1652.52,93.59,0,7.936
12,27,2021/08/09,17:02:33,2021/08/09,17:05:59,11.45,3.45,0.069,0.02,1264.12,153.69,0,8.005
12,28,2021/08/09,19:54:13,2021/08/09,19:56:48,168.23,2.6,0.234,0.09,940.93,119.31,0,8.239
12,29,2021/08/09,20:07:47,2021/08/09,20:13:46,10.98,6,0.079,0.013,2194.56,118.42,0,8.318
12,30,2021/08/09,20:17:24,2021/08/09,20:19:47,3.63,2.4,0.021,0.009,873.73,40.06,0,8.339
12,31,2021/08/09,20:23:17,2021/08/09,20:24:07,3.5,0.85,0.002,0.002,305.43,4.8,0,8.341
12,32,2021/08/09,20:59:14,2021/08/09,21:13:07,35.12,13.9,0.114,0.008,5068.26,18.21,0,8.455
12,33,2021/08/09,21:16:16,2021/08/09,21:20:43,3.15,4.47,0.348,0.078,1632.36,56.79,0,8.804
12,34,2021/08/09,21:29:17,2021/08/09,21:36:04,8.57,6.8,0.269,0.04,2478.55,98.53,0,9.073
12,35,2021/08/09,21:56:02,2021/08/09,22:00:09,19.97,4.13,0.156,0.038,1508.91,54.82,0,9.229
12,36,2021/08/09,22:08:48,2021/08/09,22:16:35,8.65,7.8,0.093,0.012,2853.63,16.25,0,9.322
12,37,2021/08/09,22:19:23,2021/08/09,22:20:32,2.8,1.17,0.176,0.15,422.99,40.35,0,9.498
12,38,2021/08/09,22:58:37,2021/08/09,22:59:56,38.08,1.33,0.041,0.031,479.68,14.3,0,9.539
12,39,2021/08/09,23:09:04,2021/08/09,23:15:23,9.13,6.33,0.147,0.023,2300.95,18.65,0,9.686
12,40,2021/08/10,00:15:09,2021/08/10,00:53:45,59.77,38.62,0.932,0.024,14052.92,913.25,0,10.617
12,41,2021/08/10,00:56:56,2021/08/10,01:15:57,3.18,19.03,0.721,0.038,6919.59,179.68,0,11.338
12,42,2021/08/10,01:19:48,2021/08/10,02:32:29,3.85,72.7,0.785,0.011,26546.9,376.25,0,12.124
12,43,2021/08/10,02:51:32,2021/08/10,02:54:12,19.05,2.68,0.104,0.039,969.87,24.01,0,12.228
12,44,2021/08/10,03:39:38,2021/08/10,03:40:49,45.43,1.2,0.976,0.814,430.62,423.57,0,13.204
12,45,2021/08/10,04:39:48,2021/08/10,04:42:43,58.98,2.93,0.855,0.292,1070.21,1503.44,0,14.06
12,46,2021/08/10,05:03:30,2021/08/10,05:11:25,20.78,7.93,0.688,0.087,2858.05,425.43,0,14.747
12,47,2021/08/10,06:51:59,2021/08/10,07:03:36,100.57,11.63,0.332,0.029,4195.13,30.03,0,15.079
12,48,2021/08/10,07:06:53,2021/08/10,07:21:44,3.28,14.87,0.81,0.054,5377.12,144.76,0,15.889
12,49,2021/08/10,09:54:42,2021/08/10,09:57:57,152.97,3.27,0.179,0.055,1175.4,62.56,0,16.068
12,50,2021/08/10,11:27:27,2021/08/10,11:38:03,89.5,10.62,0.08,0.008,3836.23,28.2,0,16.148
13,1,2021/08/08,17:41:54,2021/08/08,17:51:39,0,9.77,0.209,0.021,3617.12,62.27,0,0.209
13,2,2021/08/08,18:37:19,2021/08/08,18:50:19,45.67,13.02,0.128,0.01,4805.01,104.12,0,0.337
13,3,2021/08/08,18:53:09,2021/08/08,18:58:47,2.83,5.65,0.018,0.003,2085.65,37.38,0,0.355
13,4,2021/08/08,19:11:22,2021/08/08,19:14:22,12.58,3.02,0.671,0.223,1109.61,2136.73,0,1.026
13,5,2021/08/08,19:53:57,2021/08/08,19:57:13,39.58,3.28,0.01,0.003,1206.62,10.3,0,1.036
13,6,2021/08/08,20:06:28,2021/08/08,20:08:29,9.25,2.03,0.003,0.001,750.87,4.62,0,1.039
13,7,2021/08/08,20:59:56,2021/08/08,21:00:54,51.45,0.98,0.008,0.009,357.28,16.56,0,1.047
13,8,2021/08/08,21:29:17,2021/08/08,21:34:32,28.38,5.27,0.143,0.027,1936.92,443.06,0,1.19
13,9,2021/08/08,21:42:40,2021/08/08,22:11:29,8.13,28.83,0.156,0.005,10646.46,281.08,0,1.346
13,10,2021/08/08,22:15:43,2021/08/08,22:16:27,4.23,0.75,0.009,0.012,271.38,17.13,0,1.356
13,11,2021/08/08,22:22:26,2021/08/08,22:23:10,5.98,0.75,0.005,0.006,273.1,16.3,0,1.36
13,12,2021/08/08,22:25:41,2021/08/08,22:28:00,2.52,2.33,0.037,0.016,851.04,18.91,0,1.398
13,13,2021/08/08,22:31:01,2021/08/08,22:42:32,3.02,11.53,0.269,0.023,4231.61,177.45,0,1.666
13,14,2021/08/08,22:54:55,2021/08/08,23:00:42,12.38,5.8,0.052,0.009,2127.25,111.93,0,1.718
13,15,2021/08/09,00:09:37,2021/08/09,00:11:56,68.92,2.33,0.071,0.03,856.21,215.86,0,1.789
13,16,2021/08/09,01:04:19,2021/08/09,01:15:18,52.38,11,0.16,0.015,4072.05,259.78,0,1.949
13,17,2021/08/09,01:22:16,2021/08/09,01:22:53,6.97,0.63,0.007,0.01,230.93,14.82,0,1.955
13,18,2021/08/09,01:32:47,2021/08/09,01:35:14,9.9,2.47,0.022,0.009,910.23,52.41,0,1.977
13,19,2021/08/09,01:44:49,2021/08/09,01:48:20,9.58,3.53,0.064,0.018,1294.18,125.19,0,2.042
13,20,2021/08/09,03:00:45,2021/08/09,03:09:44,72.42,9,0.19,0.021,3319.79,378.02,0,2.232
13,21,2021/08/09,04:18:07,2021/08/09,04:27:58,68.38,9.87,0.188,0.019,3617.39,404.8,0,2.42
13,22,2021/08/09,05:16:20,2021/08/09,05:27:55,48.37,11.6,0.221,0.019,4245.85,500.09,0,2.641
13,23,2021/08/09,06:26:48,2021/08/09,06:35:33,58.88,8.77,0.308,0.035,3226.61,702.79,0,2.949
13,24,2021/08/09,06:43:28,2021/08/09,06:53:22,7.92,9.92,0.071,0.007,3637.54,299.12,0,3.02
13,25,2021/08/09,06:57:31,2021/08/09,07:06:07,4.15,8.62,0.011,0.001,3166.7,26.06,0,3.031
13,26,2021/08/09,07:16:30,2021/08/09,07:19:07,10.38,2.63,0.035,0.013,961.76,95.12,0,3.066
13,27,2021/08/09,08:43:31,2021/08/09,08:54:07,84.4,10.62,0.205,0.019,3892.5,564.16,0,3.271
13,28,2021/08/09,08:57:03,2021/08/09,08:58:34,2.93,1.53,0.006,0.004,566.29,8.29,0,3.277
13,29,2021/08/09,11:43:42,2021/08/09,11:48:18,165.13,4.62,0.081,0.018,1683.58,115.13,0,3.358
13,30,2021/08/09,13:59:57,2021/08/09,14:05:50,131.65,5.9,0.157,0.027,2155.84,439.22,0,3.515
13,31,2021/08/09,15:36:03,2021/08/09,15:45:11,90.22,9.15,0.181,0.02,3337.4,394.36,0,3.696
13,32,2021/08/09,17:15:22,2021/08/09,17:17:46,90.18,2.42,0.848,0.351,878.29,1890.51,0,4.544
13,33,2021/08/09,17:21:58,2021/08/09,17:23:05,4.2,1.13,0.005,0.005,410.93,13.31,0,4.549
13,34,2021/08/09,18:49:49,2021/08/09,19:01:22,86.73,11.57,0.019,0.002,4218.59,51.43,0,4.568
13,35,2021/08/09,19:06:58,2021/08/09,19:08:14,5.6,1.28,0.033,0.025,465.29,39.54,0,4.601
13,36,2021/08/09,19:12:38,2021/08/09,19:20:56,4.4,8.32,0.021,0.002,3030.24,41.07,0,4.621
13,37,2021/08/09,19:33:50,2021/08/09,19:34:39,12.9,0.83,0.003,0.003,299.45,6.06,0,4.624
13,38,2021/08/09,19:37:15,2021/08/09,19:39:45,2.6,2.52,0.02,0.008,918.38,40.92,0,4.644
13,39,2021/08/09,19:42:56,2021/08/09,19:54:34,3.18,11.65,0.016,0.001,4249.09,39.14,0,4.66
13,40,2021/08/09,20:07:52,2021/08/09,20:08:39,13.3,0.8,0.009,0.011,286.93,32.97,0,4.67
13,41,2021/08/09,20:32:46,2021/08/09,20:48:04,24.12,15.32,0.184,0.012,5582.71,622.58,0,4.854
13,42,2021/08/09,21:56:30,2021/08/09,22:03:51,68.43,7.37,0.194,0.026,2704.15,581.9,0,5.047
13,43,2021/08/09,22:45:52,2021/08/09,22:50:22,42.02,4.52,0.019,0.004,1659.18,53.23,0,5.067
13,44,2021/08/09,22:54:17,2021/08/09,22:58:57,3.92,4.68,0.245,0.052,1721.52,659.22,0,5.311
13,45,2021/08/09,23:01:37,2021/08/09,23:14:48,2.67,13.2,0.073,0.005,4802.37,210.94,0,5.384
13,46,2021/08/09,23:19:05,2021/08/09,23:20:18,4.28,1.23,0.013,0.011,444.59,26.13,0,5.397
13,47,2021/08/09,23:23:32,2021/08/09,23:27:27,3.23,3.93,0.014,0.004,1423.16,29.24,0,5.411
13,48,2021/08/09,23:31:09,2021/08/09,23:43:00,3.7,11.87,0.152,0.013,4337.63,212.31,0,5.563
13,49,2021/08/09,23:47:06,2021/08/09,23:48:10,4.1,1.08,0.019,0.017,389.89,34.96,0,5.582
13,50,2021/08/10,00:00:07,2021/08/10,00:09:11,11.95,9.08,0.131,0.014,3307.72,56.53,0,5.713
13,51,2021/08/10,00:14:56,2021/08/10,00:17:00,5.75,2.08,0.024,0.012,759.15,9.9,0,5.737
13,52,2021/08/10,02:12:39,2021/08/10,02:20:13,115.65,7.58,0.174,0.023,2758.73,464.48,0,5.91
13,53,2021/08/10,02:34:55,2021/08/10,02:35:53,14.7,0.98,0.024,0.024,352.21,42.33,0,5.934
13,54,2021/08/10,03:47:01,2021/08/10,03:55:45,71.13,8.75,0.205,0.023,3178.52,365.97,0,6.139
13,55,2021/08/10,03:59:54,2021/08/10,04:01:35,4.15,1.7,0.004,0.002,621.61,9.34,0,6.144
13,56,2021/08/10,05:27:15,2021/08/10,05:32:39,85.67,5.42,0.211,0.039,1970.08,607.87,0,6.354
13,57,2021/08/10,05:35:39,2021/08/10,05:37:36,3,1.97,0.006,0.003,712.82,11.55,0,6.36
13,58,2021/08/10,05:41:24,2021/08/10,05:46:08,3.8,4.75,0.009,0.002,1730.25,30.33,0,6.369
13,59,2021/08/10,06:35:59,2021/08/10,06:46:58,49.85,11,0.153,0.014,3996.27,357.18,0,6.522
13,60,2021/08/10,06:51:07,2021/08/10,07:04:06,4.15,13,0.115,0.009,4736.74,292.75,0,6.637
13,61,2021/08/10,07:07:31,2021/08/10,07:09:38,3.42,2.13,0.018,0.008,768.14,30.89,0,6.655
13,62,2021/08/10,08:42:46,2021/08/10,08:46:42,93.13,3.95,0.087,0.022,1431.33,136.57,0,6.742
13,63,2021/08/10,09:55:04,2021/08/10,10:01:34,68.37,6.52,0.219,0.034,2360.18,86.06,0,6.961
14,1,2021/08/08,16:30:12,2021/08/08,16:40:27,0,10.27,0.267,0.026,3912.2,746.44,0,0.267
14,2,2021/08/08,16:49:23,2021/08/08,16:51:47,8.93,2.42,0.074,0.031,919.69,168.94,0,0.341
14,3,2021/08/08,17:08:58,2021/08/08,17:12:42,17.18,3.75,0.131,0.035,1437.89,300.67,0,0.471
14,4,2021/08/08,17:15:43,2021/08/08,17:17:01,3.02,1.32,0.022,0.017,496.69,10.54,0,0.493
14,5,2021/08/08,17:22:51,2021/08/08,17:26:37,5.83,3.78,0.099,0.026,1435.77,220.51,0,0.593
14,6,2021/08/08,17:31:59,2021/08/08,17:34:31,5.37,2.55,0.091,0.036,970.77,165.42,0,0.684
14,7,2021/08/08,17:40:25,2021/08/08,17:42:32,5.9,2.13,0.066,0.031,812.87,172.34,0,0.75
14,8,2021/08/08,17:52:37,2021/08/08,17:54:12,10.08,1.6,0.053,0.033,605.91,108.78,0,0.803
14,9,2021/08/08,18:07:29,2021/08/08,18:11:30,13.28,4.03,0.155,0.038,1533.42,329.62,0,0.958
14,10,2021/08/08,18:17:09,2021/08/08,18:18:37,5.65,1.48,0.057,0.038,559.98,105.78,0,1.015
14,11,2021/08/08,18:32:47,2021/08/08,18:37:35,14.17,4.82,0.006,0.001,1810.72,13.52,0,1.021
14,12,2021/08/08,18:43:15,2021/08/08,18:45:49,5.67,2.58,0.099,0.038,980.85,365.57,0,1.12
14,13,2021/08/08,18:50:17,2021/08/08,18:52:29,4.47,2.22,0.748,0.338,827.49,1031.45,0,1.868
14,14,2021/08/08,18:55:57,2021/08/08,18:58:52,3.47,2.93,0.045,0.015,1110.41,101.69,0,1.913
14,15,2021/08/08,19:18:46,2021/08/08,19:21:12,19.9,2.45,0.073,0.03,928.81,213.21,0,1.986
14,16,2021/08/08,20:48:12,2021/08/08,20:48:42,87,0.52,0.001,0.003,193,3.39,0.004,1.987
14,17,2021/08/08,22:30:03,2021/08/08,22:47:38,101.35,17.6,0.311,0.018,6658.48,631.52,0,2.298
14,18,2021/08/08,22:50:35,2021/08/08,22:53:06,2.95,2.53,0.113,0.045,959.18,218.53,0,2.412
14,19,2021/08/08,23:08:13,2021/08/08,23:20:58,15.12,12.77,0.156,0.012,4818.19,392.76,0,2.568
14,20,2021/08/08,23:27:25,2021/08/08,23:30:20,6.45,2.93,0.122,0.042,1113.61,248.52,0,2.691
14,21,2021/08/08,23:33:56,2021/08/08,23:35:49,3.6,1.9,0.018,0.01,707.48,55.79,0,2.709
14,22,2021/08/08,23:42:20,2021/08/08,23:47:10,6.52,4.85,0.134,0.028,1830.06,309.19,0,2.843
14,23,2021/08/08,23:52:01,2021/08/09,00:11:35,4.85,19.58,0.131,0.007,7359.88,335.14,0,2.974
14,24,2021/08/09,00:15:17,2021/08/09,00:16:10,3.7,0.9,0.007,0.008,333.71,18.4,0,2.982
14,25,2021/08/09,00:21:48,2021/08/09,00:29:01,5.63,7.23,0.045,0.006,2714.52,177.65,0,3.027
14,26,2021/08/09,06:25:07,2021/08/09,06:26:23,356.1,1.28,0.004,0.003,473.31,16.93,0,3.031
14,27,2021/08/09,11:25:03,2021/08/09,11:29:43,298.67,4.68,0.003,0.001,1749.24,4.31,0.001,3.035
14,28,2021/08/09,11:33:38,2021/08/09,11:35:19,3.92,1.7,0.006,0.003,629.32,21.4,0,3.04
14,29,2021/08/09,15:44:47,2021/08/09,15:45:40,249.47,0.9,0.001,0.001,332.93,2.82,0.014,3.041
14,30,2021/08/09,16:30:10,2021/08/09,16:39:29,44.5,9.33,0.195,0.021,3528.29,556.49,0,3.236
14,31,2021/08/09,16:42:13,2021/08/09,16:43:45,2.73,1.55,0.002,0.001,574.56,4.86,0,3.238
14,32,2021/08/09,16:47:36,2021/08/09,16:50:00,3.85,2.42,0.076,0.031,908.88,152.97,0,3.313
14,33,2021/08/09,17:01:53,2021/08/09,17:04:47,11.88,2.92,0.126,0.043,1093.47,445.13,0,3.439
14,34,2021/08/09,17:35:21,2021/08/09,17:41:39,30.57,6.32,0.178,0.028,2379.59,318.01,0,3.617
14,35,2021/08/09,17:48:57,2021/08/09,17:50:20,7.3,1.4,0.053,0.038,520.08,145.87,0,3.671
14,36,2021/08/09,17:52:52,2021/08/09,17:55:14,2.53,2.38,0.032,0.013,888.01,65.95,0,3.702
14,37,2021/08/09,18:06:22,2021/08/09,18:09:03,11.13,2.7,0.091,0.034,1015.55,262.22,0,3.793
14,38,2021/08/09,18:17:46,2021/08/09,18:22:16,8.72,4.52,0.078,0.017,1689.58,137.24,0,3.871
14,39,2021/08/09,18:25:55,2021/08/09,18:27:41,3.65,1.78,0.051,0.028,669.78,94.27,0,3.922
14,40,2021/08/09,18:40:53,2021/08/09,18:53:29,13.2,12.62,0.105,0.008,4727.73,244.87,0,4.026
14,41,2021/08/09,19:05:38,2021/08/09,19:08:35,12.15,2.97,0.102,0.034,1117.32,246.77,0,4.128
14,42,2021/08/09,19:13:19,2021/08/09,19:17:35,4.73,4.28,0.023,0.005,1592.11,34.76,0,4.151
14,43,2021/08/09,19:24:38,2021/08/09,19:30:24,7.05,5.78,0.192,0.033,2172.39,588.18,0,4.343
14,44,2021/08/09,21:22:47,2021/08/09,21:23:18,112.38,0.53,0.003,0.005,195.01,6.8,0,4.345
14,45,2021/08/10,04:05:31,2021/08/10,04:06:43,402.22,1.22,0.002,0.002,448.03,7.44,0,4.348
14,46,2021/08/10,04:09:27,2021/08/10,04:17:10,2.73,7.73,0.012,0.002,2882.25,38.56,0,4.359
14,47,2021/08/10,04:21:46,2021/08/10,04:24:08,4.6,2.38,0.018,0.008,881.14,6.95,0,4.377
14,48,2021/08/10,04:30:05,2021/08/10,04:54:10,5.95,24.1,0.711,0.03,9056.26,1666.19,0,5.088
14,49,2021/08/10,10:05:37,2021/08/10,10:14:11,311.45,8.58,0.025,0.003,3187.86,4.86,0,5.114
15,1,2021/08/08,17:18:48,2021/08/08,17:25:47,0,7,0.198,0.028,2694.73,529.82,0,0.198
15,2,2021/08/08,17:31:15,2021/08/08,17:34:01,5.47,2.78,0.088,0.032,1062.99,222.59,0,0.286
15,3,2021/08/08,17:58:43,2021/08/08,18:04:56,24.7,6.23,0.143,0.023,2402.49,350.83,0,0.429
15,4,2021/08/08,18:32:15,2021/08/08,18:38:57,27.32,6.72,0.208,0.031,2588.54,537.78,0,0.637
15,5,2021/08/08,18:47:50,2021/08/08,18:52:08,8.88,4.32,0.076,0.018,1644.5,310.86,0,0.713
15,6,2021/08/08,18:55:38,2021/08/08,18:58:00,3.5,2.38,0.012,0.005,911.51,22.35,0,0.725
15,7,2021/08/08,19:09:53,2021/08/08,19:14:48,11.88,4.93,0.162,0.033,1891.14,366.99,0,0.887
15,8,2021/08/08,19:26:51,2021/08/08,19:30:08,12.05,3.3,0.091,0.028,1258.44,365.8,0,0.978
15,9,2021/08/08,20:46:03,2021/08/08,20:50:27,75.92,4.42,0.027,0.006,1679.59,8.42,0,1.005
15,10,2021/08/08,21:06:21,2021/08/08,21:06:58,15.9,0.63,0.007,0.011,234.97,23.58,0,1.012
15,11,2021/08/08,22:44:54,2021/08/08,22:46:59,97.93,2.1,0.001,0,791.68,2.28,0.039,1.013
15,12,2021/08/08,23:00:04,2021/08/08,23:03:06,13.08,3.05,0.008,0.003,1158.3,22.19,0,1.021
15,13,2021/08/08,23:23:17,2021/08/08,23:29:32,20.18,6.27,0.001,0,2379.77,2.57,0.022,1.023
15,14,2021/08/09,02:13:31,2021/08/09,02:15:45,163.98,2.25,0.006,0.003,848.06,11.78,0,1.029
15,15,2021/08/09,02:18:21,2021/08/09,02:19:10,2.6,0.83,0.005,0.005,315.27,12.23,0,1.033
15,16,2021/08/09,02:22:21,2021/08/09,02:24:56,3.18,2.6,0.003,0.001,982.67,9.31,0,1.036
15,17,2021/08/09,03:51:07,2021/08/09,03:51:50,86.18,0.73,0.006,0.009,273.29,4.3,0.001,1.043
15,18,2021/08/09,03:56:30,2021/08/09,04:00:45,4.67,4.27,0.032,0.007,1619.88,6.26,0,1.075
15,19,2021/08/09,04:03:44,2021/08/09,04:10:30,2.98,6.78,0.021,0.003,2576.17,45.08,0,1.096
15,20,2021/08/09,04:30:06,2021/08/09,04:55:12,19.6,25.12,0.528,0.021,9588.09,1067.5,0,1.624
15,21,2021/08/09,05:14:58,2021/08/09,05:17:58,19.77,3.02,0.093,0.031,1157.96,233.39,0,1.717
15,22,2021/08/09,06:55:26,2021/08/09,06:56:13,97.47,0.8,0.003,0.003,302.85,6.63,0,1.72
15,23,2021/08/09,08:31:13,2021/08/09,08:36:25,95,5.22,0.02,0.004,1979.57,2.42,0.03,1.74
15,24,2021/08/09,11:46:43,2021/08/09,11:47:15,190.3,0.55,0.002,0.003,203.9,5.49,0,1.741
15,25,2021/08/09,17:00:20,2021/08/09,17:04:35,313.08,4.27,0.095,0.022,1617.19,224.66,0,1.836
15,26,2021/08/09,17:37:36,2021/08/09,17:42:13,33.02,4.63,0.129,0.028,1764.11,331.1,0,1.965
15,27,2021/08/09,17:53:53,2021/08/09,17:54:50,11.67,0.97,0.014,0.015,363.91,9.83,0,1.98
15,28,2021/08/09,18:15:35,2021/08/09,18:26:26,20.75,10.87,0.163,0.015,4131.57,386.24,0,2.142
15,29,2021/08/09,19:19:20,2021/08/09,19:21:59,52.9,2.67,0.004,0.002,1004.21,13.14,0,2.147
15,30,2021/08/09,19:55:17,2021/08/09,20:08:33,33.3,13.28,0.002,0,5027.71,5.22,0,2.149
15,31,2021/08/09,20:49:34,2021/08/09,20:58:22,41.02,8.82,0.008,0.001,3333.48,20.59,0,2.157
15,32,2021/08/09,21:58:00,2021/08/09,22:04:51,59.63,6.87,0.003,0,2588.48,9.49,0,2.16
15,33,2021/08/09,22:12:56,2021/08/09,22:22:58,8.08,10.05,0.012,0.001,3795.08,39.79,0,2.172
15,34,2021/08/09,22:25:53,2021/08/09,23:07:55,2.92,42.05,0.58,0.014,15955.1,1505.95,0,2.752
15,35,2021/08/09,23:11:48,2021/08/09,23:22:45,3.88,10.97,0.082,0.008,4143.76,163.57,0,2.834
15,36,2021/08/09,23:33:27,2021/08/09,23:38:21,10.7,4.92,0.062,0.013,1852.93,50.06,0,2.896
15,37,2021/08/09,23:43:32,2021/08/10,00:20:31,5.18,37,0.496,0.013,13965.93,1261.18,0,3.392
15,38,2021/08/10,00:23:13,2021/08/10,00:26:09,2.7,2.95,0.101,0.034,1117.05,233.47,0,3.492
15,39,2021/08/10,02:14:18,2021/08/10,02:21:25,108.15,7.13,0.001,0,2683.48,2.76,0.015,3.493
15,40,2021/08/10,04:30:04,2021/08/10,04:47:55,128.65,17.87,0.511,0.029,6757.44,1298.29,0,4.005
15,41,2021/08/10,05:06:40,2021/08/10,05:10:15,18.75,3.6,0.099,0.027,1367.85,317.74,0,4.104
16,1,2021/08/08,16:30:03,2021/08/08,16:43:36,0,13.57,0.241,0.018,5224.61,247.56,0,0.241
16,2,2021/08/08,16:51:23,2021/08/08,16:54:07,7.78,2.75,0.065,0.024,1052.23,78.39,0,0.306
16,3,2021/08/08,18:37:58,2021/08/08,18:38:38,103.85,0.68,0.001,0.002,257.17,3.55,0.003,0.308
16,4,2021/08/08,18:59:54,2021/08/08,19:01:02,21.27,1.15,0.006,0.005,439.17,14.01,0,0.313
16,5,2021/08/08,20:00:01,2021/08/08,20:08:45,58.98,8.75,0.524,0.06,3396.42,486.9,0,0.837
16,6,2021/08/08,20:14:41,2021/08/08,20:16:25,5.93,1.75,0.008,0.005,663.44,16.17,0,0.846
16,7,2021/08/08,20:24:44,2021/08/08,20:25:43,8.32,1,0.008,0.008,381.48,16.8,0,0.854
16,8,2021/08/08,20:29:56,2021/08/08,20:34:44,4.22,4.82,0.033,0.007,1833.78,94.65,0,0.888
16,9,2021/08/08,20:39:30,2021/08/08,20:43:25,4.77,3.93,0.026,0.007,1497.11,52.17,0,0.914
16,10,2021/08/08,20:50:12,2021/08/08,20:51:34,6.78,1.38,0.011,0.008,520.49,27.75,0,0.925
16,11,2021/08/08,22:22:24,2021/08/08,22:24:41,90.83,2.3,0.024,0.01,872.58,47.56,0,0.949
16,12,2021/08/08,22:30:03,2021/08/08,22:43:31,5.37,13.48,0.372,0.028,5176.87,775.65,0,1.321
16,13,2021/08/08,22:46:36,2021/08/08,23:00:27,3.08,13.87,0.198,0.014,5303.76,239.67,0,1.519
16,14,2021/08/08,23:03:14,2021/08/08,23:04:36,2.78,1.38,0.023,0.017,527.01,45.34,0,1.542
16,15,2021/08/08,23:52:23,2021/08/08,23:59:21,47.78,6.98,0.33,0.047,2700.88,914.35,0,1.872
16,16,2021/08/09,01:35:28,2021/08/09,01:41:05,96.12,5.63,0.02,0.004,2140.19,40,0,1.893
16,17,2021/08/09,01:56:26,2021/08/09,02:23:56,15.35,27.52,0.437,0.016,10540.56,966.75,0,2.33
16,18,2021/08/09,02:28:39,2021/08/09,02:29:52,4.72,1.23,0.028,0.023,467.41,81.18,0,2.358
16,19,2021/08/09,04:30:03,2021/08/09,04:41:55,120.18,11.88,0.386,0.033,4564,1042.86,0,2.745
16,20,2021/08/09,04:55:45,2021/08/09,04:56:44,13.83,1,0.003,0.003,377.22,7.91,0,2.748
16,21,2021/08/09,06:46:36,2021/08/09,06:49:49,109.87,3.23,0.022,0.007,1225.04,50.37,0,2.77
16,22,2021/08/09,06:56:32,2021/08/09,07:03:33,6.72,7.03,0.012,0.002,2668.36,28.22,0,2.782
16,23,2021/08/09,07:18:43,2021/08/09,07:24:18,15.17,5.6,0.033,0.006,2128.99,65.68,0,2.815
16,24,2021/08/09,07:35:42,2021/08/09,07:36:58,11.4,1.28,0.003,0.002,482.53,12.4,0,2.818
16,25,2021/08/09,08:00:07,2021/08/09,08:07:57,23.15,7.85,0.355,0.045,3028.76,629.43,0,3.173
16,26,2021/08/09,09:14:37,2021/08/09,09:15:34,66.67,0.97,0.008,0.008,360.1,19.11,0,3.181
16,27,2021/08/09,09:26:33,2021/08/09,09:27:21,10.98,0.82,0.008,0.01,305.15,21.29,0,3.189
16,28,2021/08/09,09:34:08,2021/08/09,09:34:58,6.78,0.85,0.017,0.02,322.47,40.52,0,3.206
16,29,2021/08/09,16:23:35,2021/08/09,16:26:00,408.62,2.43,0.015,0.006,916.51,29.88,0,3.221
16,30,2021/08/09,16:28:50,2021/08/09,16:48:22,2.83,19.55,0.258,0.013,7467.47,666.65,0,3.479
16,31,2021/08/09,16:51:17,2021/08/09,16:53:48,2.92,2.53,0.075,0.03,970.43,158.7,0,3.554
16,32,2021/08/09,17:05:06,2021/08/09,17:11:09,11.3,6.07,0.197,0.032,2312.34,500.96,0,3.75
16,33,2021/08/09,18:54:00,2021/08/09,19:00:03,102.85,6.07,0.03,0.005,2300.38,73.52,0,3.781
16,34,2021/08/09,19:15:24,2021/08/09,19:19:40,15.35,4.28,0.038,0.009,1622.03,51.8,0,3.818
16,35,2021/08/09,19:40:11,2021/08/09,19:42:22,20.52,2.2,0.011,0.005,830.75,16.69,0,3.829
16,36,2021/08/09,20:00:01,2021/08/09,20:17:58,17.65,17.97,0.408,0.023,6902.6,802.25,0,4.237
16,37,2021/08/09,20:25:45,2021/08/09,20:30:09,7.78,4.42,0.003,0.001,1664.04,8.6,0,4.24
16,38,2021/08/09,21:56:44,2021/08/09,21:59:33,86.58,2.83,0.011,0.004,1069.35,30.95,0,4.251
16,39,2021/08/09,22:10:25,2021/08/09,22:17:36,10.87,7.2,0.014,0.002,2726.99,31.85,0,4.265
16,40,2021/08/09,22:30:01,2021/08/09,22:52:39,12.42,22.65,0.629,0.028,8677.59,1212.59,0,4.894
16,41,2021/08/09,23:59:02,2021/08/10,00:02:02,66.38,3.02,0.017,0.006,1134.32,27.12,0,4.911
16,42,2021/08/10,00:36:49,2021/08/10,00:40:42,34.78,3.9,0.018,0.005,1469.03,28.24,0,4.928
16,43,2021/08/10,01:12:31,2021/08/10,01:16:37,31.82,4.12,0.006,0.002,1549.02,12.18,0,4.935
16,44,2021/08/10,01:59:33,2021/08/10,02:07:45,42.93,8.22,0.367,0.045,3149.24,950.55,0,5.302
16,45,2021/08/10,02:10:32,2021/08/10,02:14:33,2.78,4.03,0.027,0.007,1523.03,30.35,0,5.329
16,46,2021/08/10,03:36:34,2021/08/10,03:39:18,82.02,2.75,0.025,0.009,1034.76,14.74,0,5.355
16,47,2021/08/10,04:14:56,2021/08/10,04:22:43,35.63,7.8,0.046,0.006,2960.13,75.86,0,5.4
16,48,2021/08/10,04:30:01,2021/08/10,04:41:22,7.3,11.37,0.421,0.037,4360.9,958.48,0,5.821
16,49,2021/08/10,04:45:57,2021/08/10,04:53:28,4.58,7.53,0.259,0.034,2871.65,537.6,0,6.08
16,50,2021/08/10,06:52:26,2021/08/10,07:00:25,118.97,8,0.04,0.005,3018.11,85.04,0,6.121
16,51,2021/08/10,08:00:05,2021/08/10,08:09:18,59.67,9.23,0.344,0.037,3522.18,660.72,0,6.465
16,52,2021/08/10,10:15:37,2021/08/10,10:17:40,126.32,2.07,0.019,0.009,772.29,11.72,0,6.483
16,53,2021/08/10,10:29:13,2021/08/10,10:30:32,11.55,1.33,0.011,0.008,498.25,8.99,0,6.495
,,,,,,,,,,,,,
